city,date,new_cases
Altenrhein (SG),2020-10-01,453783
Altenrhein (SG),2020-10-02,1376607
Altenrhein (SG),2020-10-03,601786
Altenrhein (SG),2020-10-04,0
Altenrhein (SG),2020-10-05,587471
Altenrhein (SG),2020-10-06,459766
Altenrhein (SG),2020-10-07,1054215
Altenrhein (SG),2020-10-08,758080
Altenrhein (SG),2020-10-09,1075776
Altenrhein (SG),2020-10-10,812822
Altenrhein (SG),2020-10-11,926726
Altenrhein (SG),2020-10-12,1540618
Altenrhein (SG),2020-10-13,3528608
Altenrhein (SG),2020-10-14,1610165
Altenrhein (SG),2020-10-15,2722641
Altenrhein (SG),2020-10-16,2826921
Altenrhein (SG),2020-10-17,1035898
Altenrhein (SG),2020-10-18,922260
Altenrhein (SG),2020-10-19,4829436
Altenrhein (SG),2020-10-20,6078189
Altenrhein (SG),2020-10-21,4592583
Altenrhein (SG),2020-10-22,4224327
Altenrhein (SG),2020-10-23,7159677
Altenrhein (SG),2020-10-24,1192988
Altenrhein (SG),2020-10-25,1579925
Altenrhein (SG),2020-10-26,12436595
Altenrhein (SG),2020-10-27,8022261
Altenrhein (SG),2020-10-28,8555009
Altenrhein (SG),2020-10-29,6434894
Altenrhein (SG),2020-10-30,7028603
Altenrhein (SG),2020-10-31,2651035
Altenrhein (SG),2020-11-01,749625
Altenrhein (SG),2020-11-02,14506703
Altenrhein (SG),2020-11-03,9106784
Altenrhein (SG),2020-11-04,7803765
Altenrhein (SG),2020-11-05,5078133
Altenrhein (SG),2020-11-06,7092665
Altenrhein (SG),2020-11-07,1465030
Altenrhein (SG),2020-11-08,868472
Altenrhein (SG),2020-11-09,10673792
Altenrhein (SG),2020-11-10,7982006
Altenrhein (SG),2020-11-11,6553228
Altenrhein (SG),2020-11-12,5929858
Altenrhein (SG),2020-11-13,4678702
Altenrhein (SG),2020-11-14,1647946
Altenrhein (SG),2020-11-15,673734
Altenrhein (SG),2020-11-16,9008734
Altenrhein (SG),2020-11-17,6372685
Altenrhein (SG),2020-11-18,5979621
Altenrhein (SG),2020-11-19,4133888
Altenrhein (SG),2020-11-20,4849675
Altenrhein (SG),2020-11-21,1365381
Altenrhein (SG),2020-11-22,1124121
Altenrhein (SG),2020-11-23,7620699
Altenrhein (SG),2020-11-24,6179492
Altenrhein (SG),2020-11-25,5376306
Altenrhein (SG),2020-11-26,5510268
Altenrhein (SG),2020-11-27,8443215
Altenrhein (SG),2020-11-28,2492626
Altenrhein (SG),2020-11-29,2503260
Altenrhein (SG),2020-11-30,9326720
Altenrhein (SG),2020-12-01,6605393
Altenrhein (SG),2020-12-02,7243946
Altenrhein (SG),2020-12-03,5275814
Altenrhein (SG),2020-12-04,5332495
Altenrhein (SG),2020-12-05,1520088
Altenrhein (SG),2020-12-06,1073901
Altenrhein (SG),2020-12-07,9453162
Altenrhein (SG),2020-12-08,9998904
Altenrhein (SG),2020-12-09,8501206
Altenrhein (SG),2020-12-10,6632540
Altenrhein (SG),2020-12-11,5750299
Altenrhein (SG),2020-12-12,1810696
Altenrhein (SG),2020-12-13,1853232
Altenrhein (SG),2020-12-14,9899324
Altenrhein (SG),2020-12-15,6808688
Altenrhein (SG),2020-12-16,7815106
Altenrhein (SG),2020-12-17,4015454
Altenrhein (SG),2020-12-18,5052673
Altenrhein (SG),2020-12-19,2387063
Altenrhein (SG),2020-12-20,1918203
Altenrhein (SG),2020-12-21,9403612
Altenrhein (SG),2020-12-22,5607068
Altenrhein (SG),2020-12-23,4927598
Altenrhein (SG),2020-12-24,2599465
Altenrhein (SG),2020-12-25,1053089
Altenrhein (SG),2020-12-26,1200292
Altenrhein (SG),2020-12-27,1773248
Altenrhein (SG),2020-12-28,5432625
Altenrhein (SG),2020-12-29,5341380
Altenrhein (SG),2020-12-30,4481896
Altenrhein (SG),2020-12-31,3361405
Altenrhein (SG),2021-01-01,577347
Altenrhein (SG),2021-01-02,2638935
Altenrhein (SG),2021-01-03,2675765
Altenrhein (SG),2021-01-04,8056515
Altenrhein (SG),2021-01-05,4500971
Altenrhein (SG),2021-01-06,4707440
Altenrhein (SG),2021-01-07,2772432
Altenrhein (SG),2021-01-08,3296418
Altenrhein (SG),2021-01-09,610208
Altenrhein (SG),2021-01-10,451406
Altenrhein (SG),2021-01-11,4279990
Altenrhein (SG),2021-01-12,2525334
Altenrhein (SG),2021-01-13,3941605
Altenrhein (SG),2021-01-14,2263020
Altenrhein (SG),2021-01-15,2361254
Altenrhein (SG),2021-01-16,1069678
Altenrhein (SG),2021-01-17,0
Altenrhein (SG),2021-01-18,3081965
Altenrhein (SG),2021-01-19,2087656
Altenrhein (SG),2021-01-20,3006492
Altenrhein (SG),2021-01-21,2902105
Altenrhein (SG),2021-01-22,1771625
Altenrhein (SG),2021-01-23,0
Altenrhein (SG),2021-01-24,780089
Altenrhein (SG),2021-01-25,5131440
Altenrhein (SG),2021-01-26,2290404
Altenrhein (SG),2021-01-27,747041
Altenrhein (SG),2021-01-28,1998654
Altenrhein (SG),2021-01-29,1640322
Altenrhein (SG),2021-01-30,463226
Altenrhein (SG),2021-01-31,305006
Altenrhein (SG),2021-02-01,2472602
Altenrhein (SG),2021-02-02,2076055
Altenrhein (SG),2021-02-03,1322835
Altenrhein (SG),2021-02-04,1635593
Altenrhein (SG),2021-02-05,2221413
Altenrhein (SG),2021-02-06,598201
Altenrhein (SG),2021-02-07,461240
Altenrhein (SG),2021-02-08,2445984
Altenrhein (SG),2021-02-09,1956679
Altenrhein (SG),2021-02-10,888992
Altenrhein (SG),2021-02-11,460840
Altenrhein (SG),2021-02-12,870971
Altenrhein (SG),2021-02-13,573411
Altenrhein (SG),2021-02-14,0
Altenrhein (SG),2021-02-15,1883502
Altenrhein (SG),2021-02-16,905871
Altenrhein (SG),2021-02-17,2083425
Altenrhein (SG),2021-02-18,610297
Altenrhein (SG),2021-02-19,0
Altenrhein (SG),2021-02-20,281336
Altenrhein (SG),2021-02-21,431808
Altenrhein (SG),2021-02-22,1743729
Altenrhein (SG),2021-02-23,698497
Altenrhein (SG),2021-02-24,1025436
Altenrhein (SG),2021-02-25,422178
Altenrhein (SG),2021-02-26,606899
Altenrhein (SG),2021-02-27,0
Altenrhein (SG),2021-02-28,0
Altenrhein (SG),2021-03-01,859497
Altenrhein (SG),2021-03-02,1213418
Altenrhein (SG),2021-03-03,602523
Altenrhein (SG),2021-03-04,0
Altenrhein (SG),2021-03-05,608527
Altenrhein (SG),2021-03-06,0
Altenrhein (SG),2021-03-07,0
Altenrhein (SG),2021-03-08,1277865
Altenrhein (SG),2021-03-09,987517
Altenrhein (SG),2021-03-10,439949
Altenrhein (SG),2021-03-11,705947
Altenrhein (SG),2021-03-12,942743
Altenrhein (SG),2021-03-13,0
Altenrhein (SG),2021-03-14,0
Altenrhein (SG),2021-03-15,2370486
Altenrhein (SG),2021-03-16,1608956
Altenrhein (SG),2021-03-17,1186720
Altenrhein (SG),2021-03-18,432101
Altenrhein (SG),2021-03-19,1139953
Altenrhein (SG),2021-03-20,442814
Altenrhein (SG),2021-03-21,0
Altenrhein (SG),2021-03-22,2175553
Altenrhein (SG),2021-03-23,2450721
Altenrhein (SG),2021-03-24,2531984
Altenrhein (SG),2021-03-25,1657067
Altenrhein (SG),2021-03-26,2015191
Altenrhein (SG),2021-03-27,698019
Altenrhein (SG),2021-03-28,461428
Altenrhein (SG),2021-03-29,3898549
Altenrhein (SG),2021-03-30,1384818
Altenrhein (SG),2021-03-31,1894665
Altenrhein (SG),2021-04-01,1708945
Altenrhein (SG),2021-04-02,281315
Altenrhein (SG),2021-04-03,662352
Altenrhein (SG),2021-04-04,451149
Altenrhein (SG),2021-04-05,616039
Altenrhein (SG),2021-04-06,4564489
Altenrhein (SG),2021-04-07,1457751
Altenrhein (SG),2021-04-08,2776963
Altenrhein (SG),2021-04-09,2885989
Altenrhein (SG),2021-04-10,885735
Altenrhein (SG),2021-04-11,0
Altenrhein (SG),2021-04-12,3710688
Altenrhein (SG),2021-04-13,1837793
Altenrhein (SG),2021-04-14,1280282
Altenrhein (SG),2021-04-15,615084
Altenrhein (SG),2021-04-16,1171328
Altenrhein (SG),2021-04-17,909559
Altenrhein (SG),2021-04-18,935899
Altenrhein (SG),2021-04-19,4365678
Altenrhein (SG),2021-04-20,2557367
Altenrhein (SG),2021-04-21,1201601
Altenrhein (SG),2021-04-22,1647087
Altenrhein (SG),2021-04-23,2781732
Altenrhein (SG),2021-04-24,741494
Altenrhein (SG),2021-04-25,352528
Altenrhein (SG),2021-04-26,2914187
Altenrhein (SG),2021-04-27,1188495
Altenrhein (SG),2021-04-28,2329922
Altenrhein (SG),2021-04-29,1235492
Altenrhein (SG),2021-04-30,2279048
Altenrhein (SG),2021-05-01,1051617
Altenrhein (SG),2021-05-02,0
Altenrhein (SG),2021-05-03,2028325
Altenrhein (SG),2021-05-04,1354445
Altenrhein (SG),2021-05-05,1737139
Altenrhein (SG),2021-05-06,1026881
Altenrhein (SG),2021-05-07,1062255
Altenrhein (SG),2021-05-08,738677
Altenrhein (SG),2021-05-09,1084250
Altenrhein (SG),2021-05-10,3262324
Altenrhein (SG),2021-05-11,1181201
Altenrhein (SG),2021-05-12,547264
Altenrhein (SG),2021-05-13,0
Altenrhein (SG),2021-05-14,1875680
Altenrhein (SG),2021-05-15,604556
Altenrhein (SG),2021-05-16,0
Altenrhein (SG),2021-05-17,3983821
Altenrhein (SG),2021-05-18,1950993
Altenrhein (SG),2021-05-19,1888201
Altenrhein (SG),2021-05-20,1846287
Altenrhein (SG),2021-05-21,354846
Altenrhein (SG),2021-05-22,743900
Altenrhein (SG),2021-05-23,0
Altenrhein (SG),2021-05-24,297093
Altenrhein (SG),2021-05-25,2940268
Altenrhein (SG),2021-05-26,1665784
Altenrhein (SG),2021-05-27,857073
Altenrhein (SG),2021-05-28,1536291
Altenrhein (SG),2021-05-29,911806
Altenrhein (SG),2021-05-30,0
Altenrhein (SG),2021-05-31,1025216
Altenrhein (SG),2021-06-01,453786
Altenrhein (SG),2021-06-02,1180241
Altenrhein (SG),2021-06-03,0
Altenrhein (SG),2021-06-04,1170490
Altenrhein (SG),2021-06-05,0
Altenrhein (SG),2021-06-06,0
Altenrhein (SG),2021-06-07,460820
Altenrhein (SG),2021-06-08,565914
Altenrhein (SG),2021-06-09,0
Altenrhein (SG),2021-06-10,0
Altenrhein (SG),2021-06-11,0
Altenrhein (SG),2021-06-12,0
Altenrhein (SG),2021-06-13,0
Altenrhein (SG),2021-06-14,547731
Altenrhein (SG),2021-06-15,446313
Altenrhein (SG),2021-06-16,457341
Altenrhein (SG),2021-06-17,0
Altenrhein (SG),2021-06-18,0
Altenrhein (SG),2021-06-19,0
Altenrhein (SG),2021-06-20,0
Altenrhein (SG),2021-06-21,0
Altenrhein (SG),2021-06-22,0
Altenrhein (SG),2021-06-23,0
Altenrhein (SG),2021-06-24,0
Altenrhein (SG),2021-06-25,155169
Altenrhein (SG),2021-06-26,0
Altenrhein (SG),2021-06-27,0
Altenrhein (SG),2021-06-28,0
Altenrhein (SG),2021-06-29,0
Altenrhein (SG),2021-06-30,0
Altenrhein (SG),2021-07-01,467993
Altenrhein (SG),2021-07-02,0
Altenrhein (SG),2021-07-03,0
Altenrhein (SG),2021-07-04,0
Altenrhein (SG),2021-07-05,0
Altenrhein (SG),2021-07-06,764039
Altenrhein (SG),2021-07-07,297560
Altenrhein (SG),2021-07-08,0
Altenrhein (SG),2021-07-09,0
Altenrhein (SG),2021-07-10,0
Altenrhein (SG),2021-07-11,0
Altenrhein (SG),2021-07-12,0
Altenrhein (SG),2021-07-13,310979
Altenrhein (SG),2021-07-14,398951
Altenrhein (SG),2021-07-15,0
Altenrhein (SG),2021-07-16,0
Altenrhein (SG),2021-07-17,0
Altenrhein (SG),2021-07-18,0
Altenrhein (SG),2021-07-19,0
Altenrhein (SG),2021-07-20,459759
Altenrhein (SG),2021-07-21,595120
Altenrhein (SG),2021-07-22,290063
Altenrhein (SG),2021-07-23,311450
Altenrhein (SG),2021-07-24,0
Altenrhein (SG),2021-07-25,0
Altenrhein (SG),2021-07-26,453517
Altenrhein (SG),2021-07-27,899811
Altenrhein (SG),2021-07-28,0
Altenrhein (SG),2021-07-29,0
Altenrhein (SG),2021-07-30,656152
Altenrhein (SG),2021-07-31,0
Altenrhein (SG),2021-08-01,0
Altenrhein (SG),2021-08-02,842052
Altenrhein (SG),2021-08-03,0
Altenrhein (SG),2021-08-04,0
Altenrhein (SG),2021-08-05,907205
Altenrhein (SG),2021-08-06,578896
Altenrhein (SG),2021-08-07,729221
Altenrhein (SG),2021-08-08,712556
Altenrhein (SG),2021-08-09,6234011
Altenrhein (SG),2021-08-10,4212494
Altenrhein (SG),2021-08-11,1587471
Altenrhein (SG),2021-08-12,3158348
Altenrhein (SG),2021-08-13,2800090
Altenrhein (SG),2021-08-14,601830
Altenrhein (SG),2021-08-15,757639
Altenrhein (SG),2021-08-16,2529412
Altenrhein (SG),2021-08-17,4183895
Altenrhein (SG),2021-08-18,587154
Altenrhein (SG),2021-08-19,3724184
Altenrhein (SG),2021-08-20,3596305
Altenrhein (SG),2021-08-21,0
Altenrhein (SG),2021-08-22,1000317
Altenrhein (SG),2021-08-23,2755234
Altenrhein (SG),2021-08-24,4303531
Altenrhein (SG),2021-08-25,1333460
Altenrhein (SG),2021-08-26,2853512
Altenrhein (SG),2021-08-27,3318672
Altenrhein (SG),2021-08-28,836637
Altenrhein (SG),2021-08-29,905078
Altenrhein (SG),2021-08-30,3017936
Altenrhein (SG),2021-08-31,4576148
Altenrhein (SG),2021-09-01,2671330
Altenrhein (SG),2021-09-02,2863294
Altenrhein (SG),2021-09-03,3589573
Altenrhein (SG),2021-09-04,924045
Altenrhein (SG),2021-09-05,437585
Altenrhein (SG),2021-09-06,4243778
Altenrhein (SG),2021-09-07,2360870
Altenrhein (SG),2021-09-08,1437226
Altenrhein (SG),2021-09-09,2685803
Altenrhein (SG),2021-09-10,3087877
Altenrhein (SG),2021-09-11,299546
Altenrhein (SG),2021-09-12,0
Altenrhein (SG),2021-09-13,1914499
Altenrhein (SG),2021-09-14,3062281
Altenrhein (SG),2021-09-15,853992
Altenrhein (SG),2021-09-16,2423412
Altenrhein (SG),2021-09-17,1943451
Altenrhein (SG),2021-09-18,297533
Altenrhein (SG),2021-09-19,0
Altenrhein (SG),2021-09-20,3545907
Altenrhein (SG),2021-09-21,1473245
Altenrhein (SG),2021-09-22,1188488
Altenrhein (SG),2021-09-23,1380469
Altenrhein (SG),2021-09-24,1318006
Altenrhein (SG),2021-09-25,211245
Altenrhein (SG),2021-09-26,0
Altenrhein (SG),2021-09-27,1405076
Altenrhein (SG),2021-09-28,1021789
Altenrhein (SG),2021-09-29,1873919
Altenrhein (SG),2021-09-30,765819
Altenrhein (SG),2021-10-01,1556913
Altenrhein (SG),2021-10-02,314223
Altenrhein (SG),2021-10-03,0
Altenrhein (SG),2021-10-04,900348
Altenrhein (SG),2021-10-05,903240
Altenrhein (SG),2021-10-06,890421
Altenrhein (SG),2021-10-07,1552670
Altenrhein (SG),2021-10-08,703981
Altenrhein (SG),2021-10-09,0
Altenrhein (SG),2021-10-10,5647
Altenrhein (SG),2021-10-11,616405
Altenrhein (SG),2021-10-12,1196009
Altenrhein (SG),2021-10-13,740978
Altenrhein (SG),2021-10-14,1791676
Altenrhein (SG),2021-10-15,1075048
Altenrhein (SG),2021-10-16,448420
Altenrhein (SG),2021-10-17,0
Altenrhein (SG),2021-10-18,1731961
Altenrhein (SG),2021-10-19,3573166
Altenrhein (SG),2021-10-20,1382962
Altenrhein (SG),2021-10-21,2057407
Altenrhein (SG),2021-10-22,2556670
Altenrhein (SG),2021-10-23,1360829
Altenrhein (SG),2021-10-24,695394
Altenrhein (SG),2021-10-25,1651766
Altenrhein (SG),2021-10-26,3896793
Altenrhein (SG),2021-10-27,1844911
Altenrhein (SG),2021-10-28,1195201
Altenrhein (SG),2021-10-29,2146846
Altenrhein (SG),2021-10-30,1222585
Altenrhein (SG),2021-10-31,2514768
Altenrhein (SG),2021-11-01,1356395
Altenrhein (SG),2021-11-02,4754892
Altenrhein (SG),2021-11-03,3347220
Altenrhein (SG),2021-11-04,2838650
Altenrhein (SG),2021-11-05,3654333
Altenrhein (SG),2021-11-06,1251304
Altenrhein (SG),2021-11-07,1229980
Altenrhein (SG),2021-11-08,2980759
Altenrhein (SG),2021-11-09,6302852
Altenrhein (SG),2021-11-10,2705977
Altenrhein (SG),2021-11-11,5420451
Altenrhein (SG),2021-11-12,5752125
Altenrhein (SG),2021-11-13,3449882
Altenrhein (SG),2021-11-14,2742821
Altenrhein (SG),2021-11-15,10241354
Altenrhein (SG),2021-11-16,7542510
Altenrhein (SG),2021-11-17,3100141
Altenrhein (SG),2021-11-18,5747960
Altenrhein (SG),2021-11-19,9187362
Altenrhein (SG),2021-11-20,3960963
Altenrhein (SG),2021-11-21,1589036
Altenrhein (SG),2021-11-22,5842700
Altenrhein (SG),2021-11-23,11671181
Altenrhein (SG),2021-11-24,3326168
Altenrhein (SG),2021-11-25,6488510
Altenrhein (SG),2021-11-26,10269882
Altenrhein (SG),2021-11-27,3471345
Altenrhein (SG),2021-11-28,2154975
Altenrhein (SG),2021-11-29,8082099
Altenrhein (SG),2021-11-30,10546165
Altenrhein (SG),2021-12-01,5750094
Altenrhein (SG),2021-12-02,10222017
Altenrhein (SG),2021-12-03,13345969
Altenrhein (SG),2021-12-04,5528871
Altenrhein (SG),2021-12-05,2691420
Altenrhein (SG),2021-12-06,4610207
Altenrhein (SG),2021-12-07,14971716
Altenrhein (SG),2021-12-08,5042557
Altenrhein (SG),2021-12-09,10641680
Altenrhein (SG),2021-12-10,14496108
Altenrhein (SG),2021-12-11,5951731
Altenrhein (SG),2021-12-12,1844594
Altenrhein (SG),2021-12-13,9161442
Altenrhein (SG),2021-12-14,15270251
Altenrhein (SG),2021-12-15,6935899
Altenrhein (SG),2021-12-16,9569942
Altenrhein (SG),2021-12-17,10481780
Altenrhein (SG),2021-12-18,7779470
Altenrhein (SG),2021-12-19,853986
Altenrhein (SG),2021-12-20,6369997
Altenrhein (SG),2021-12-21,7014164
Altenrhein (SG),2021-12-22,5692141
Altenrhein (SG),2021-12-23,11319105
Altenrhein (SG),2021-12-24,5790460
Altenrhein (SG),2021-12-25,2572020
Altenrhein (SG),2021-12-26,1473977
Altenrhein (SG),2021-12-27,6093887
Altenrhein (SG),2021-12-28,6803977
Altenrhein (SG),2021-12-29,5385469
Altenrhein (SG),2021-12-30,8950724
Altenrhein (SG),2021-12-31,8578439
Altenrhein (SG),2022-01-01,3867550
Altenrhein (SG),2022-01-02,3574267
Altenrhein (SG),2022-01-03,6008024
Altenrhein (SG),2022-01-04,16569032
Altenrhein (SG),2022-01-05,5618626
Altenrhein (SG),2022-01-06,9180433
Altenrhein (SG),2022-01-07,12267758
Altenrhein (SG),2022-01-08,8100349
Altenrhein (SG),2022-01-09,2706797
Altenrhein (SG),2022-01-10,8054054
Altenrhein (SG),2022-01-11,12043467
Altenrhein (SG),2022-01-12,6933031
Altenrhein (SG),2022-01-13,17641748
Altenrhein (SG),2022-01-14,18959294
Altenrhein (SG),2022-01-15,8882005
Altenrhein (SG),2022-01-16,6571304
Altenrhein (SG),2022-01-17,12064195
Altenrhein (SG),2022-01-18,26887634
Altenrhein (SG),2022-01-19,8705904
Altenrhein (SG),2022-01-20,28502672
Altenrhein (SG),2022-01-21,21793928
Altenrhein (SG),2022-01-22,12503155
Altenrhein (SG),2022-01-23,7475191
Altenrhein (SG),2022-01-24,17274962
Altenrhein (SG),2022-01-25,29535499
Altenrhein (SG),2022-01-26,11330202
Altenrhein (SG),2022-01-27,25476187
Altenrhein (SG),2022-01-28,28015356
Altenrhein (SG),2022-01-29,14301917
Altenrhein (SG),2022-01-30,6029806
Altenrhein (SG),2022-01-31,20610351
Altenrhein (SG),2022-02-01,23832264
Altenrhein (SG),2022-02-02,13733718
Altenrhein (SG),2022-02-03,20138262
Altenrhein (SG),2022-02-04,22626587
Altenrhein (SG),2022-02-05,15695318
Altenrhein (SG),2022-02-06,5784390
Altenrhein (SG),2022-02-07,12005433
Altenrhein (SG),2022-02-08,24560155
Altenrhein (SG),2022-02-09,11886131
Altenrhein (SG),2022-02-10,17004455
Altenrhein (SG),2022-02-11,22093918
Altenrhein (SG),2022-02-12,12696158
Altenrhein (SG),2022-02-13,4388961
Altenrhein (SG),2022-02-14,20253781
Altenrhein (SG),2022-02-15,21410594
Altenrhein (SG),2022-02-16,11058159
Altenrhein (SG),2022-02-17,15322180
Altenrhein (SG),2022-02-18,19100294
Altenrhein (SG),2022-02-19,8859117
Altenrhein (SG),2022-02-20,4081205
Altenrhein (SG),2022-02-21,16862600
Altenrhein (SG),2022-02-22,21670840
Altenrhein (SG),2022-02-23,13450333
Altenrhein (SG),2022-02-24,20563122
Altenrhein (SG),2022-02-25,21185676
Altenrhein (SG),2022-02-26,11113988
Altenrhein (SG),2022-02-27,4779619
Altenrhein (SG),2022-02-28,15589079
Chur (GR),2020-10-03,363632
Chur (GR),2020-10-04,0
Chur (GR),2020-10-05,727249
Chur (GR),2020-10-06,0
Chur (GR),2020-10-07,1454530
Chur (GR),2020-10-08,909087
Chur (GR),2020-10-09,1662167
Chur (GR),2020-10-10,0
Chur (GR),2020-10-11,0
Chur (GR),2020-10-12,909073
Chur (GR),2020-10-13,1090897
Chur (GR),2020-10-14,1090899
Chur (GR),2020-10-15,1818174
Chur (GR),2020-10-16,1454538
Chur (GR),2020-10-17,571261
Chur (GR),2020-10-18,0
Chur (GR),2020-10-19,3818144
Chur (GR),2020-10-20,3999975
Chur (GR),2020-10-21,3636140
Chur (GR),2020-10-22,4363568
Chur (GR),2020-10-23,4727236
Chur (GR),2020-10-24,1272727
Chur (GR),2020-10-25,1272716
Chur (GR),2020-10-26,6181740
Chur (GR),2020-10-27,6363474
Chur (GR),2020-10-28,4934877
Chur (GR),2020-10-29,4917991
Chur (GR),2020-10-30,5454490
Chur (GR),2020-10-31,1818162
Chur (GR),2020-11-01,2545424
Chur (GR),2020-11-02,5818106
Chur (GR),2020-11-03,5818131
Chur (GR),2020-11-04,5116662
Chur (GR),2020-11-05,3636342
Chur (GR),2020-11-06,2727243
Chur (GR),2020-11-07,1999989
Chur (GR),2020-11-08,1454545
Chur (GR),2020-11-09,5454542
Chur (GR),2020-11-10,3999937
Chur (GR),2020-11-11,3827074
Chur (GR),2020-11-12,4025777
Chur (GR),2020-11-13,5090871
Chur (GR),2020-11-14,1999893
Chur (GR),2020-11-15,3090908
Chur (GR),2020-11-16,6727215
Chur (GR),2020-11-17,5843962
Chur (GR),2020-11-18,5636232
Chur (GR),2020-11-19,4727188
Chur (GR),2020-11-20,4545303
Chur (GR),2020-11-21,3090872
Chur (GR),2020-11-22,1636339
Chur (GR),2020-11-23,7818004
Chur (GR),2020-11-24,4909055
Chur (GR),2020-11-25,4545409
Chur (GR),2020-11-26,4181784
Chur (GR),2020-11-27,4181774
Chur (GR),2020-11-28,2727253
Chur (GR),2020-11-29,2363602
Chur (GR),2020-11-30,5818104
Chur (GR),2020-12-01,3662056
Chur (GR),2020-12-02,5272689
Chur (GR),2020-12-03,5636343
Chur (GR),2020-12-04,2909063
Chur (GR),2020-12-05,2727171
Chur (GR),2020-12-06,1454535
Chur (GR),2020-12-07,6571223
Chur (GR),2020-12-08,3999957
Chur (GR),2020-12-09,4181688
Chur (GR),2020-12-10,5636226
Chur (GR),2020-12-11,3636344
Chur (GR),2020-12-12,2909067
Chur (GR),2020-12-13,1999899
Chur (GR),2020-12-14,6233384
Chur (GR),2020-12-15,4207583
Chur (GR),2020-12-16,6363571
Chur (GR),2020-12-17,4363488
Chur (GR),2020-12-18,4233209
Chur (GR),2020-12-19,2727249
Chur (GR),2020-12-20,1090898
Chur (GR),2020-12-21,5454465
Chur (GR),2020-12-22,3454521
Chur (GR),2020-12-23,3090868
Chur (GR),2020-12-24,2181677
Chur (GR),2020-12-25,2181791
Chur (GR),2020-12-26,909071
Chur (GR),2020-12-27,1272628
Chur (GR),2020-12-28,3636293
Chur (GR),2020-12-29,2727243
Chur (GR),2020-12-30,2181779
Chur (GR),2020-12-31,2908933
Chur (GR),2021-01-01,1662166
Chur (GR),2021-01-02,3168316
Chur (GR),2021-01-03,0
Chur (GR),2021-01-04,5099796
Chur (GR),2021-01-05,3142478
Chur (GR),2021-01-06,2363612
Chur (GR),2021-01-07,3116695
Chur (GR),2021-01-08,2233338
Chur (GR),2021-01-09,3090898
Chur (GR),2021-01-10,0
Chur (GR),2021-01-11,1454414
Chur (GR),2021-01-12,3298404
Chur (GR),2021-01-13,2363602
Chur (GR),2021-01-14,1636354
Chur (GR),2021-01-15,2103215
Chur (GR),2021-01-16,3272627
Chur (GR),2021-01-17,0
Chur (GR),2021-01-18,3999936
Chur (GR),2021-01-19,1999926
Chur (GR),2021-01-20,2753054
Chur (GR),2021-01-21,2181798
Chur (GR),2021-01-22,1818148
Chur (GR),2021-01-23,233441
Chur (GR),2021-01-24,0
Chur (GR),2021-01-25,2909022
Chur (GR),2021-01-26,727262
Chur (GR),2021-01-27,0
Chur (GR),2021-01-28,1298523
Chur (GR),2021-01-29,1999980
Chur (GR),2021-01-30,1454514
Chur (GR),2021-01-31,363622
Chur (GR),2021-02-01,1454534
Chur (GR),2021-02-02,727271
Chur (GR),2021-02-03,1645261
Chur (GR),2021-02-04,1827076
Chur (GR),2021-02-05,2181799
Chur (GR),2021-02-06,1454524
Chur (GR),2021-02-07,0
Chur (GR),2021-02-08,1999960
Chur (GR),2021-02-09,1818174
Chur (GR),2021-02-10,545442
Chur (GR),2021-02-11,1272713
Chur (GR),2021-02-12,0
Chur (GR),2021-02-13,0
Chur (GR),2021-02-14,0
Chur (GR),2021-02-15,0
Chur (GR),2021-02-16,727175
Chur (GR),2021-02-17,545453
Chur (GR),2021-02-18,0
Chur (GR),2021-02-19,0
Chur (GR),2021-02-20,0
Chur (GR),2021-02-21,0
Chur (GR),2021-02-22,0
Chur (GR),2021-02-23,0
Chur (GR),2021-02-24,0
Chur (GR),2021-02-25,909081
Chur (GR),2021-02-26,1090889
Chur (GR),2021-02-27,0
Chur (GR),2021-02-28,0
Chur (GR),2021-03-01,0
Chur (GR),2021-03-02,909090
Chur (GR),2021-03-03,545451
Chur (GR),2021-03-04,1272719
Chur (GR),2021-03-05,1090907
Chur (GR),2021-03-06,545454
Chur (GR),2021-03-07,727268
Chur (GR),2021-03-08,2727208
Chur (GR),2021-03-09,1636327
Chur (GR),2021-03-10,909061
Chur (GR),2021-03-11,1090880
Chur (GR),2021-03-12,736190
Chur (GR),2021-03-13,0
Chur (GR),2021-03-14,0
Chur (GR),2021-03-15,0
Chur (GR),2021-03-16,0
Chur (GR),2021-03-17,0
Chur (GR),2021-03-18,1454545
Chur (GR),2021-03-19,1818170
Chur (GR),2021-03-20,0
Chur (GR),2021-03-21,0
Chur (GR),2021-03-22,1090901
Chur (GR),2021-03-23,1307451
Chur (GR),2021-03-24,0
Chur (GR),2021-03-25,1636341
Chur (GR),2021-03-26,909069
Chur (GR),2021-03-27,0
Chur (GR),2021-03-28,934887
Chur (GR),2021-03-29,2363611
Chur (GR),2021-03-30,1818150
Chur (GR),2021-03-31,2571245
Chur (GR),2021-04-01,3116686
Chur (GR),2021-04-02,1090806
Chur (GR),2021-04-03,1454535
Chur (GR),2021-04-04,0
Chur (GR),2021-04-05,1272716
Chur (GR),2021-04-06,3454519
Chur (GR),2021-04-07,2181785
Chur (GR),2021-04-08,3324263
Chur (GR),2021-04-09,1662148
Chur (GR),2021-04-10,1869794
Chur (GR),2021-04-11,2181804
Chur (GR),2021-04-12,1843997
Chur (GR),2021-04-13,1480351
Chur (GR),2021-04-14,0
Chur (GR),2021-04-15,5454448
Chur (GR),2021-04-16,3090899
Chur (GR),2021-04-17,1454539
Chur (GR),2021-04-18,0
Chur (GR),2021-04-19,2908945
Chur (GR),2021-04-20,1999784
Chur (GR),2021-04-21,2372554
Chur (GR),2021-04-22,3090780
Chur (GR),2021-04-23,1817980
Chur (GR),2021-04-24,0
Chur (GR),2021-04-25,2181818
Chur (GR),2021-04-26,2545443
Chur (GR),2021-04-27,1818182
Chur (GR),2021-04-28,0
Chur (GR),2021-04-29,1636334
Chur (GR),2021-04-30,1818182
Chur (GR),2021-05-01,0
Chur (GR),2021-05-02,0
Chur (GR),2021-05-03,0
Chur (GR),2021-05-04,0
Chur (GR),2021-05-05,3272546
Chur (GR),2021-05-06,1272703
Chur (GR),2021-05-07,727259
Chur (GR),2021-05-08,0
Chur (GR),2021-05-09,1272726
Chur (GR),2021-05-10,0
Chur (GR),2021-05-11,1818168
Chur (GR),2021-05-12,0
Chur (GR),2021-05-13,0
Chur (GR),2021-05-14,554382
Chur (GR),2021-05-15,0
Chur (GR),2021-05-16,0
Chur (GR),2021-05-17,1090905
Chur (GR),2021-05-18,909078
Chur (GR),2021-05-19,1272702
Chur (GR),2021-05-20,1480332
Chur (GR),2021-05-21,0
Chur (GR),2021-05-22,0
Chur (GR),2021-05-23,727241
Chur (GR),2021-05-24,0
Chur (GR),2021-05-25,1090904
Chur (GR),2021-05-26,909084
Chur (GR),2021-05-27,1090879
Chur (GR),2021-05-28,0
Chur (GR),2021-05-29,0
Chur (GR),2021-05-30,0
Chur (GR),2021-05-31,389439
Chur (GR),2021-06-01,0
Chur (GR),2021-06-02,0
Chur (GR),2021-06-03,0
Chur (GR),2021-06-04,0
Chur (GR),2021-06-05,363635
Chur (GR),2021-06-06,0
Chur (GR),2021-06-07,545434
Chur (GR),2021-06-08,1090812
Chur (GR),2021-06-09,0
Chur (GR),2021-06-10,0
Chur (GR),2021-06-11,363529
Chur (GR),2021-06-12,545424
Chur (GR),2021-06-13,0
Chur (GR),2021-06-14,0
Chur (GR),2021-06-15,727265
Chur (GR),2021-06-16,1272687
Chur (GR),2021-06-17,0
Chur (GR),2021-06-18,0
Chur (GR),2021-06-19,0
Chur (GR),2021-06-20,0
Chur (GR),2021-06-21,0
Chur (GR),2021-06-22,0
Chur (GR),2021-06-23,0
Chur (GR),2021-06-24,0
Chur (GR),2021-06-25,0
Chur (GR),2021-06-26,0
Chur (GR),2021-06-27,0
Chur (GR),2021-06-28,0
Chur (GR),2021-06-29,0
Chur (GR),2021-06-30,0
Chur (GR),2021-07-01,0
Chur (GR),2021-07-02,0
Chur (GR),2021-07-03,0
Chur (GR),2021-07-04,0
Chur (GR),2021-07-05,0
Chur (GR),2021-07-06,0
Chur (GR),2021-07-07,0
Chur (GR),2021-07-08,0
Chur (GR),2021-07-09,0
Chur (GR),2021-07-10,0
Chur (GR),2021-07-11,0
Chur (GR),2021-07-12,0
Chur (GR),2021-07-13,0
Chur (GR),2021-07-14,727269
Chur (GR),2021-07-15,727255
Chur (GR),2021-07-16,0
Chur (GR),2021-07-17,545441
Chur (GR),2021-07-18,0
Chur (GR),2021-07-19,0
Chur (GR),2021-07-20,909067
Chur (GR),2021-07-21,0
Chur (GR),2021-07-22,0
Chur (GR),2021-07-23,2363626
Chur (GR),2021-07-24,0
Chur (GR),2021-07-25,727249
Chur (GR),2021-07-26,1272697
Chur (GR),2021-07-27,389453
Chur (GR),2021-07-28,0
Chur (GR),2021-07-29,0
Chur (GR),2021-07-30,0
Chur (GR),2021-07-31,0
Chur (GR),2021-08-01,727269
Chur (GR),2021-08-02,1090885
Chur (GR),2021-08-03,0
Chur (GR),2021-08-04,0
Chur (GR),2021-08-05,1818180
Chur (GR),2021-08-06,0
Chur (GR),2021-08-07,0
Chur (GR),2021-08-08,1090895
Chur (GR),2021-08-09,2727217
Chur (GR),2021-08-10,3636235
Chur (GR),2021-08-11,1454515
Chur (GR),2021-08-12,2727244
Chur (GR),2021-08-13,2545418
Chur (GR),2021-08-14,2181790
Chur (GR),2021-08-15,0
Chur (GR),2021-08-16,3818129
Chur (GR),2021-08-17,5099772
Chur (GR),2021-08-18,1999979
Chur (GR),2021-08-19,1636321
Chur (GR),2021-08-20,2934757
Chur (GR),2021-08-21,1281653
Chur (GR),2021-08-22,1818151
Chur (GR),2021-08-23,3480269
Chur (GR),2021-08-24,3099765
Chur (GR),2021-08-25,1636342
Chur (GR),2021-08-26,2960669
Chur (GR),2021-08-27,2909065
Chur (GR),2021-08-28,2181788
Chur (GR),2021-08-29,1636256
Chur (GR),2021-08-30,2778875
Chur (GR),2021-08-31,3636321
Chur (GR),2021-09-01,4181588
Chur (GR),2021-09-02,3895546
Chur (GR),2021-09-03,3827073
Chur (GR),2021-09-04,2727261
Chur (GR),2021-09-05,3843978
Chur (GR),2021-09-06,3843937
Chur (GR),2021-09-07,3168210
Chur (GR),2021-09-08,2008922
Chur (GR),2021-09-09,5272523
Chur (GR),2021-09-10,2545396
Chur (GR),2021-09-11,1480350
Chur (GR),2021-09-12,0
Chur (GR),2021-09-13,1090893
Chur (GR),2021-09-14,2909077
Chur (GR),2021-09-15,372554
Chur (GR),2021-09-16,2727170
Chur (GR),2021-09-17,2363624
Chur (GR),2021-09-18,1272715
Chur (GR),2021-09-19,0
Chur (GR),2021-09-20,0
Chur (GR),2021-09-21,0
Chur (GR),2021-09-22,0
Chur (GR),2021-09-23,1999940
Chur (GR),2021-09-24,1454521
Chur (GR),2021-09-25,0
Chur (GR),2021-09-26,0
Chur (GR),2021-09-27,1999969
Chur (GR),2021-09-28,0
Chur (GR),2021-09-29,545347
Chur (GR),2021-09-30,727251
Chur (GR),2021-10-01,1454465
Chur (GR),2021-10-02,0
Chur (GR),2021-10-03,0
Chur (GR),2021-10-04,727252
Chur (GR),2021-10-05,1116701
Chur (GR),2021-10-06,727263
Chur (GR),2021-10-07,1090876
Chur (GR),2021-10-08,736092
Chur (GR),2021-10-09,0
Chur (GR),2021-10-10,0
Chur (GR),2021-10-11,363625
Chur (GR),2021-10-12,727257
Chur (GR),2021-10-13,0
Chur (GR),2021-10-14,0
Chur (GR),2021-10-15,363629
Chur (GR),2021-10-16,545437
Chur (GR),2021-10-17,0
Chur (GR),2021-10-18,727243
Chur (GR),2021-10-19,727270
Chur (GR),2021-10-20,1454516
Chur (GR),2021-10-21,0
Chur (GR),2021-10-22,0
Chur (GR),2021-10-23,0
Chur (GR),2021-10-24,0
Chur (GR),2021-10-25,1999970
Chur (GR),2021-10-26,2909066
Chur (GR),2021-10-27,2363621
Chur (GR),2021-10-28,5090801
Chur (GR),2021-10-29,4181791
Chur (GR),2021-10-30,3090905
Chur (GR),2021-10-31,1818180
Chur (GR),2021-11-01,1843983
Chur (GR),2021-11-02,3272682
Chur (GR),2021-11-03,1454523
Chur (GR),2021-11-04,7272632
Chur (GR),2021-11-05,3480336
Chur (GR),2021-11-06,3090884
Chur (GR),2021-11-07,1636344
Chur (GR),2021-11-08,3454510
Chur (GR),2021-11-09,6727209
Chur (GR),2021-11-10,5454469
Chur (GR),2021-11-11,12545384
Chur (GR),2021-11-12,7636306
Chur (GR),2021-11-13,5090795
Chur (GR),2021-11-14,2207630
Chur (GR),2021-11-15,12545243
Chur (GR),2021-11-16,6363481
Chur (GR),2021-11-17,4727241
Chur (GR),2021-11-18,17818032
Chur (GR),2021-11-19,8545336
Chur (GR),2021-11-20,5272690
Chur (GR),2021-11-21,6363584
Chur (GR),2021-11-22,7818004
Chur (GR),2021-11-23,10545274
Chur (GR),2021-11-24,9454488
Chur (GR),2021-11-25,24752353
Chur (GR),2021-11-26,12389198
Chur (GR),2021-11-27,6363562
Chur (GR),2021-11-28,9116539
Chur (GR),2021-11-29,11272647
Chur (GR),2021-11-30,11999750
Chur (GR),2021-12-01,7454356
Chur (GR),2021-12-02,17955733
Chur (GR),2021-12-03,9748418
Chur (GR),2021-12-04,6571225
Chur (GR),2021-12-05,4727178
Chur (GR),2021-12-06,9454456
Chur (GR),2021-12-07,10466760
Chur (GR),2021-12-08,4909025
Chur (GR),2021-12-09,13463213
Chur (GR),2021-12-10,8181732
Chur (GR),2021-12-11,6363611
Chur (GR),2021-12-12,2909064
Chur (GR),2021-12-13,6943780
Chur (GR),2021-12-14,5298496
Chur (GR),2021-12-15,5999959
Chur (GR),2021-12-16,11030101
Chur (GR),2021-12-17,6545406
Chur (GR),2021-12-18,4181787
Chur (GR),2021-12-19,4363580
Chur (GR),2021-12-20,5818145
Chur (GR),2021-12-21,7454499
Chur (GR),2021-12-22,6363502
Chur (GR),2021-12-23,9272624
Chur (GR),2021-12-24,4727246
Chur (GR),2021-12-25,6363617
Chur (GR),2021-12-26,8008888
Chur (GR),2021-12-27,12216164
Chur (GR),2021-12-28,14199455
Chur (GR),2021-12-29,8199494
Chur (GR),2021-12-30,13722475
Chur (GR),2021-12-31,12398115
Chur (GR),2022-01-01,6761947
Chur (GR),2022-01-02,7506088
Chur (GR),2022-01-03,20848071
Chur (GR),2022-01-04,29531547
Chur (GR),2022-01-05,22986323
Chur (GR),2022-01-06,31349300
Chur (GR),2022-01-07,31790651
Chur (GR),2022-01-08,15193852
Chur (GR),2022-01-09,12259068
Chur (GR),2022-01-10,25305901
Chur (GR),2022-01-11,24943172
Chur (GR),2022-01-12,18389049
Chur (GR),2022-01-13,26518087
Chur (GR),2022-01-14,38267602
Chur (GR),2022-01-15,22596734
Chur (GR),2022-01-16,12363511
Chur (GR),2022-01-17,24752654
Chur (GR),2022-01-18,37463108
Chur (GR),2022-01-19,28034351
Chur (GR),2022-01-20,43226886
Chur (GR),2022-01-21,33011750
Chur (GR),2022-01-22,22596569
Chur (GR),2022-01-23,17176821
Chur (GR),2022-01-24,34622250
Chur (GR),2022-01-25,35920983
Chur (GR),2022-01-26,26588597
Chur (GR),2022-01-27,40725444
Chur (GR),2022-01-28,38881256
Chur (GR),2022-01-29,24025430
Chur (GR),2022-01-30,17843593
Chur (GR),2022-01-31,29272124
Chur (GR),2022-02-01,36371987
Chur (GR),2022-02-02,29384347
Chur (GR),2022-02-03,48665560
Chur (GR),2022-02-04,33272230
Chur (GR),2022-02-05,21324039
Chur (GR),2022-02-06,17463219
Chur (GR),2022-02-07,28545152
Chur (GR),2022-02-08,33315938
Chur (GR),2022-02-09,27116452
Chur (GR),2022-02-10,36484229
Chur (GR),2022-02-11,28076921
Chur (GR),2022-02-12,18917608
Chur (GR),2022-02-13,15497887
Chur (GR),2022-02-14,27142018
Chur (GR),2022-02-15,32362874
Chur (GR),2022-02-16,22199314
Chur (GR),2022-02-17,24545194
Chur (GR),2022-02-18,20735884
Chur (GR),2022-02-19,16233024
Chur (GR),2022-02-20,16545235
Chur (GR),2022-02-21,28917677
Chur (GR),2022-02-22,30190422
Chur (GR),2022-02-23,27142138
Chur (GR),2022-02-24,38319073
Chur (GR),2022-02-25,24735962
Chur (GR),2022-02-26,27020949
Chur (GR),2022-02-27,20778485
Chur (GR),2022-02-28,33453743
Genève (GE),2020-10-01,1147289
Genève (GE),2020-10-02,1398650
Genève (GE),2020-10-03,942313
Genève (GE),2020-10-04,536211
Genève (GE),2020-10-05,1855768
Genève (GE),2020-10-06,2026437
Genève (GE),2020-10-07,2181987
Genève (GE),2020-10-08,2350203
Genève (GE),2020-10-09,2933281
Genève (GE),2020-10-10,2482429
Genève (GE),2020-10-11,1705890
Genève (GE),2020-10-12,4028330
Genève (GE),2020-10-13,4732036
Genève (GE),2020-10-14,5011471
Genève (GE),2020-10-15,5198062
Genève (GE),2020-10-16,6649963
Genève (GE),2020-10-17,3617785
Genève (GE),2020-10-18,2579935
Genève (GE),2020-10-19,8073163
Genève (GE),2020-10-20,9855148
Genève (GE),2020-10-21,11304597
Genève (GE),2020-10-22,13767919
Genève (GE),2020-10-23,15001128
Genève (GE),2020-10-24,7668320
Genève (GE),2020-10-25,6208620
Genève (GE),2020-10-26,20208070
Genève (GE),2020-10-27,21720902
Genève (GE),2020-10-28,19166560
Genève (GE),2020-10-29,20378224
Genève (GE),2020-10-30,17630915
Genève (GE),2020-10-31,8824276
Genève (GE),2020-11-01,5916670
Genève (GE),2020-11-02,19235216
Genève (GE),2020-11-03,21515964
Genève (GE),2020-11-04,17418403
Genève (GE),2020-11-05,16317051
Genève (GE),2020-11-06,15776734
Genève (GE),2020-11-07,7679735
Genève (GE),2020-11-08,4829778
Genève (GE),2020-11-09,16428826
Genève (GE),2020-11-10,14151768
Genève (GE),2020-11-11,11481386
Genève (GE),2020-11-12,10423755
Genève (GE),2020-11-13,9343091
Genève (GE),2020-11-14,4159230
Genève (GE),2020-11-15,3134797
Genève (GE),2020-11-16,8327321
Genève (GE),2020-11-17,6284124
Genève (GE),2020-11-18,5408999
Genève (GE),2020-11-19,5483687
Genève (GE),2020-11-20,3869837
Genève (GE),2020-11-21,2382197
Genève (GE),2020-11-22,1818192
Genève (GE),2020-11-23,4494029
Genève (GE),2020-11-24,5138512
Genève (GE),2020-11-25,3218619
Genève (GE),2020-11-26,3704694
Genève (GE),2020-11-27,3394607
Genève (GE),2020-11-28,1939869
Genève (GE),2020-11-29,1026246
Genève (GE),2020-11-30,3855300
Genève (GE),2020-12-01,3361758
Genève (GE),2020-12-02,2957075
Genève (GE),2020-12-03,3260387
Genève (GE),2020-12-04,2358128
Genève (GE),2020-12-05,1337361
Genève (GE),2020-12-06,952730
Genève (GE),2020-12-07,3366254
Genève (GE),2020-12-08,3003452
Genève (GE),2020-12-09,2657541
Genève (GE),2020-12-10,2323108
Genève (GE),2020-12-11,2300787
Genève (GE),2020-12-12,1507457
Genève (GE),2020-12-13,1232170
Genève (GE),2020-12-14,3329304
Genève (GE),2020-12-15,3048099
Genève (GE),2020-12-16,2479894
Genève (GE),2020-12-17,2775697
Genève (GE),2020-12-18,2813863
Genève (GE),2020-12-19,1840420
Genève (GE),2020-12-20,1428644
Genève (GE),2020-12-21,2859245
Genève (GE),2020-12-22,2773227
Genève (GE),2020-12-23,2553340
Genève (GE),2020-12-24,1870258
Genève (GE),2020-12-25,685662
Genève (GE),2020-12-26,1466771
Genève (GE),2020-12-27,1213915
Genève (GE),2020-12-28,2793387
Genève (GE),2020-12-29,2808831
Genève (GE),2020-12-30,2773146
Genève (GE),2020-12-31,1776786
Genève (GE),2021-01-01,854417
Genève (GE),2021-01-02,2073485
Genève (GE),2021-01-03,1068971
Genève (GE),2021-01-04,2209846
Genève (GE),2021-01-05,2488865
Genève (GE),2021-01-06,2202302
Genève (GE),2021-01-07,2221409
Genève (GE),2021-01-08,2000928
Genève (GE),2021-01-09,1377265
Genève (GE),2021-01-10,1070325
Genève (GE),2021-01-11,2569320
Genève (GE),2021-01-12,2247876
Genève (GE),2021-01-13,2136158
Genève (GE),2021-01-14,2644449
Genève (GE),2021-01-15,2357739
Genève (GE),2021-01-16,1459660
Genève (GE),2021-01-17,752833
Genève (GE),2021-01-18,2985259
Genève (GE),2021-01-19,2352032
Genève (GE),2021-01-20,2113481
Genève (GE),2021-01-21,2294272
Genève (GE),2021-01-22,2109380
Genève (GE),2021-01-23,1147905
Genève (GE),2021-01-24,1045450
Genève (GE),2021-01-25,2997902
Genève (GE),2021-01-26,2238681
Genève (GE),2021-01-27,2303864
Genève (GE),2021-01-28,2408194
Genève (GE),2021-01-29,2485569
Genève (GE),2021-01-30,1421532
Genève (GE),2021-01-31,1120449
Genève (GE),2021-02-01,2487369
Genève (GE),2021-02-02,2355730
Genève (GE),2021-02-03,1945108
Genève (GE),2021-02-04,2314597
Genève (GE),2021-02-05,2315283
Genève (GE),2021-02-06,1288574
Genève (GE),2021-02-07,673312
Genève (GE),2021-02-08,2365499
Genève (GE),2021-02-09,2040140
Genève (GE),2021-02-10,1732887
Genève (GE),2021-02-11,1777115
Genève (GE),2021-02-12,1397021
Genève (GE),2021-02-13,1409832
Genève (GE),2021-02-14,681106
Genève (GE),2021-02-15,1639790
Genève (GE),2021-02-16,1908450
Genève (GE),2021-02-17,1814065
Genève (GE),2021-02-18,1295838
Genève (GE),2021-02-19,1378892
Genève (GE),2021-02-20,1085251
Genève (GE),2021-02-21,874543
Genève (GE),2021-02-22,1868721
Genève (GE),2021-02-23,2078332
Genève (GE),2021-02-24,1599353
Genève (GE),2021-02-25,1943348
Genève (GE),2021-02-26,1278204
Genève (GE),2021-02-27,1071765
Genève (GE),2021-02-28,547416
Genève (GE),2021-03-01,2584389
Genève (GE),2021-03-02,1602756
Genève (GE),2021-03-03,1703275
Genève (GE),2021-03-04,1562379
Genève (GE),2021-03-05,1902611
Genève (GE),2021-03-06,1418263
Genève (GE),2021-03-07,862014
Genève (GE),2021-03-08,2276483
Genève (GE),2021-03-09,1625337
Genève (GE),2021-03-10,1775796
Genève (GE),2021-03-11,2049419
Genève (GE),2021-03-12,2346602
Genève (GE),2021-03-13,1599054
Genève (GE),2021-03-14,986290
Genève (GE),2021-03-15,2615732
Genève (GE),2021-03-16,2126236
Genève (GE),2021-03-17,2625358
Genève (GE),2021-03-18,2646482
Genève (GE),2021-03-19,2555503
Genève (GE),2021-03-20,1698486
Genève (GE),2021-03-21,1421376
Genève (GE),2021-03-22,2929775
Genève (GE),2021-03-23,2863568
Genève (GE),2021-03-24,2703265
Genève (GE),2021-03-25,3476436
Genève (GE),2021-03-26,2619225
Genève (GE),2021-03-27,1789542
Genève (GE),2021-03-28,1456905
Genève (GE),2021-03-29,3619872
Genève (GE),2021-03-30,2447440
Genève (GE),2021-03-31,2730071
Genève (GE),2021-04-01,2825329
Genève (GE),2021-04-02,2005533
Genève (GE),2021-04-03,2138234
Genève (GE),2021-04-04,1892313
Genève (GE),2021-04-05,1553794
Genève (GE),2021-04-06,3469153
Genève (GE),2021-04-07,2807196
Genève (GE),2021-04-08,3180483
Genève (GE),2021-04-09,3052773
Genève (GE),2021-04-10,2577912
Genève (GE),2021-04-11,2108242
Genève (GE),2021-04-12,3214383
Genève (GE),2021-04-13,3524515
Genève (GE),2021-04-14,3223476
Genève (GE),2021-04-15,2938947
Genève (GE),2021-04-16,2821087
Genève (GE),2021-04-17,1737933
Genève (GE),2021-04-18,1304059
Genève (GE),2021-04-19,3369059
Genève (GE),2021-04-20,2921399
Genève (GE),2021-04-21,2117167
Genève (GE),2021-04-22,2837460
Genève (GE),2021-04-23,2582289
Genève (GE),2021-04-24,2000462
Genève (GE),2021-04-25,1415335
Genève (GE),2021-04-26,2569547
Genève (GE),2021-04-27,2609450
Genève (GE),2021-04-28,2289791
Genève (GE),2021-04-29,2191733
Genève (GE),2021-04-30,2402677
Genève (GE),2021-05-01,1953485
Genève (GE),2021-05-02,1358990
Genève (GE),2021-05-03,2520071
Genève (GE),2021-05-04,2757998
Genève (GE),2021-05-05,1481159
Genève (GE),2021-05-06,2455533
Genève (GE),2021-05-07,2484854
Genève (GE),2021-05-08,1571044
Genève (GE),2021-05-09,1211317
Genève (GE),2021-05-10,2462158
Genève (GE),2021-05-11,1925643
Genève (GE),2021-05-12,1963369
Genève (GE),2021-05-13,1227061
Genève (GE),2021-05-14,1665819
Genève (GE),2021-05-15,1157671
Genève (GE),2021-05-16,1022962
Genève (GE),2021-05-17,1884430
Genève (GE),2021-05-18,1288547
Genève (GE),2021-05-19,1328977
Genève (GE),2021-05-20,948024
Genève (GE),2021-05-21,725377
Genève (GE),2021-05-22,579069
Genève (GE),2021-05-23,330862
Genève (GE),2021-05-24,806888
Genève (GE),2021-05-25,1170041
Genève (GE),2021-05-26,453236
Genève (GE),2021-05-27,643427
Genève (GE),2021-05-28,651596
Genève (GE),2021-05-29,518186
Genève (GE),2021-05-30,449102
Genève (GE),2021-05-31,913664
Genève (GE),2021-06-01,837861
Genève (GE),2021-06-02,238653
Genève (GE),2021-06-03,451437
Genève (GE),2021-06-04,509896
Genève (GE),2021-06-05,254368
Genève (GE),2021-06-06,152765
Genève (GE),2021-06-07,499769
Genève (GE),2021-06-08,409401
Genève (GE),2021-06-09,356439
Genève (GE),2021-06-10,353653
Genève (GE),2021-06-11,413843
Genève (GE),2021-06-12,175965
Genève (GE),2021-06-13,125589
Genève (GE),2021-06-14,380076
Genève (GE),2021-06-15,252546
Genève (GE),2021-06-16,230449
Genève (GE),2021-06-17,362337
Genève (GE),2021-06-18,107229
Genève (GE),2021-06-19,98982
Genève (GE),2021-06-20,66405
Genève (GE),2021-06-21,146445
Genève (GE),2021-06-22,86963
Genève (GE),2021-06-23,39744
Genève (GE),2021-06-24,89148
Genève (GE),2021-06-25,48234
Genève (GE),2021-06-26,154179
Genève (GE),2021-06-27,180637
Genève (GE),2021-06-28,219330
Genève (GE),2021-06-29,120811
Genève (GE),2021-06-30,221953
Genève (GE),2021-07-01,266210
Genève (GE),2021-07-02,143017
Genève (GE),2021-07-03,94684
Genève (GE),2021-07-04,203091
Genève (GE),2021-07-05,221657
Genève (GE),2021-07-06,236464
Genève (GE),2021-07-07,193580
Genève (GE),2021-07-08,344067
Genève (GE),2021-07-09,437446
Genève (GE),2021-07-10,328164
Genève (GE),2021-07-11,252825
Genève (GE),2021-07-12,810281
Genève (GE),2021-07-13,890279
Genève (GE),2021-07-14,1028922
Genève (GE),2021-07-15,1701510
Genève (GE),2021-07-16,1639933
Genève (GE),2021-07-17,1160792
Genève (GE),2021-07-18,1219049
Genève (GE),2021-07-19,2150274
Genève (GE),2021-07-20,1847559
Genève (GE),2021-07-21,2566478
Genève (GE),2021-07-22,1980148
Genève (GE),2021-07-23,1847717
Genève (GE),2021-07-24,1321713
Genève (GE),2021-07-25,1190569
Genève (GE),2021-07-26,1718514
Genève (GE),2021-07-27,1535811
Genève (GE),2021-07-28,1830355
Genève (GE),2021-07-29,2046355
Genève (GE),2021-07-30,1750415
Genève (GE),2021-07-31,1579979
Genève (GE),2021-08-01,1209899
Genève (GE),2021-08-02,1666898
Genève (GE),2021-08-03,1744062
Genève (GE),2021-08-04,1275808
Genève (GE),2021-08-05,1957281
Genève (GE),2021-08-06,2198312
Genève (GE),2021-08-07,1891012
Genève (GE),2021-08-08,970395
Genève (GE),2021-08-09,2276358
Genève (GE),2021-08-10,1907057
Genève (GE),2021-08-11,1968311
Genève (GE),2021-08-12,2937366
Genève (GE),2021-08-13,2466226
Genève (GE),2021-08-14,1828316
Genève (GE),2021-08-15,1847198
Genève (GE),2021-08-16,2716758
Genève (GE),2021-08-17,2555266
Genève (GE),2021-08-18,1560284
Genève (GE),2021-08-19,2513019
Genève (GE),2021-08-20,2369454
Genève (GE),2021-08-21,1717480
Genève (GE),2021-08-22,729491
Genève (GE),2021-08-23,2518121
Genève (GE),2021-08-24,2445669
Genève (GE),2021-08-25,1888095
Genève (GE),2021-08-26,2806944
Genève (GE),2021-08-27,2339289
Genève (GE),2021-08-28,1739470
Genève (GE),2021-08-29,1056816
Genève (GE),2021-08-30,1890804
Genève (GE),2021-08-31,2175453
Genève (GE),2021-09-01,1833709
Genève (GE),2021-09-02,2191350
Genève (GE),2021-09-03,2085082
Genève (GE),2021-09-04,1492690
Genève (GE),2021-09-05,919459
Genève (GE),2021-09-06,2141076
Genève (GE),2021-09-07,1439724
Genève (GE),2021-09-08,1953307
Genève (GE),2021-09-09,1716672
Genève (GE),2021-09-10,1929680
Genève (GE),2021-09-11,876845
Genève (GE),2021-09-12,635533
Genève (GE),2021-09-13,2107293
Genève (GE),2021-09-14,1001895
Genève (GE),2021-09-15,547698
Genève (GE),2021-09-16,1322016
Genève (GE),2021-09-17,1340525
Genève (GE),2021-09-18,891681
Genève (GE),2021-09-19,389924
Genève (GE),2021-09-20,1365460
Genève (GE),2021-09-21,1123096
Genève (GE),2021-09-22,588084
Genève (GE),2021-09-23,852816
Genève (GE),2021-09-24,1100055
Genève (GE),2021-09-25,854990
Genève (GE),2021-09-26,494635
Genève (GE),2021-09-27,672405
Genève (GE),2021-09-28,804066
Genève (GE),2021-09-29,364262
Genève (GE),2021-09-30,916252
Genève (GE),2021-10-01,847573
Genève (GE),2021-10-02,470272
Genève (GE),2021-10-03,243935
Genève (GE),2021-10-04,617306
Genève (GE),2021-10-05,764954
Genève (GE),2021-10-06,513149
Genève (GE),2021-10-07,987062
Genève (GE),2021-10-08,815555
Genève (GE),2021-10-09,480967
Genève (GE),2021-10-10,399266
Genève (GE),2021-10-11,770940
Genève (GE),2021-10-12,877747
Genève (GE),2021-10-13,737642
Genève (GE),2021-10-14,1198196
Genève (GE),2021-10-15,1114856
Genève (GE),2021-10-16,714253
Genève (GE),2021-10-17,958640
Genève (GE),2021-10-18,883121
Genève (GE),2021-10-19,1246680
Genève (GE),2021-10-20,1297105
Genève (GE),2021-10-21,1484145
Genève (GE),2021-10-22,816822
Genève (GE),2021-10-23,915584
Genève (GE),2021-10-24,627516
Genève (GE),2021-10-25,1152443
Genève (GE),2021-10-26,1172311
Genève (GE),2021-10-27,745242
Genève (GE),2021-10-28,1386586
Genève (GE),2021-10-29,1027145
Genève (GE),2021-10-30,786254
Genève (GE),2021-10-31,1066254
Genève (GE),2021-11-01,1289157
Genève (GE),2021-11-02,1264996
Genève (GE),2021-11-03,1226132
Genève (GE),2021-11-04,1347458
Genève (GE),2021-11-05,1547727
Genève (GE),2021-11-06,945644
Genève (GE),2021-11-07,623876
Genève (GE),2021-11-08,1448590
Genève (GE),2021-11-09,1798218
Genève (GE),2021-11-10,1498984
Genève (GE),2021-11-11,2139116
Genève (GE),2021-11-12,1944108
Genève (GE),2021-11-13,1367490
Genève (GE),2021-11-14,942671
Genève (GE),2021-11-15,2927326
Genève (GE),2021-11-16,3104692
Genève (GE),2021-11-17,2087328
Genève (GE),2021-11-18,2857941
Genève (GE),2021-11-19,3611204
Genève (GE),2021-11-20,3076734
Genève (GE),2021-11-21,2058467
Genève (GE),2021-11-22,4713807
Genève (GE),2021-11-23,5151165
Genève (GE),2021-11-24,4025241
Genève (GE),2021-11-25,6793855
Genève (GE),2021-11-26,5913711
Genève (GE),2021-11-27,4690179
Genève (GE),2021-11-28,3361733
Genève (GE),2021-11-29,10887779
Genève (GE),2021-11-30,9628991
Genève (GE),2021-12-01,4788693
Genève (GE),2021-12-02,9748925
Genève (GE),2021-12-03,9131950
Genève (GE),2021-12-04,6161392
Genève (GE),2021-12-05,3970459
Genève (GE),2021-12-06,7085093
Genève (GE),2021-12-07,12570987
Genève (GE),2021-12-08,6588802
Genève (GE),2021-12-09,10614571
Genève (GE),2021-12-10,9965387
Genève (GE),2021-12-11,6990155
Genève (GE),2021-12-12,4060854
Genève (GE),2021-12-13,8383220
Genève (GE),2021-12-14,11456384
Genève (GE),2021-12-15,6857724
Genève (GE),2021-12-16,9672719
Genève (GE),2021-12-17,10087530
Genève (GE),2021-12-18,6698577
Genève (GE),2021-12-19,4419609
Genève (GE),2021-12-20,9423369
Genève (GE),2021-12-21,15531147
Genève (GE),2021-12-22,10168578
Genève (GE),2021-12-23,15923067
Genève (GE),2021-12-24,13722722
Genève (GE),2021-12-25,6496123
Genève (GE),2021-12-26,8147750
Genève (GE),2021-12-27,16815020
Genève (GE),2021-12-28,27794760
Genève (GE),2021-12-29,19491810
Genève (GE),2021-12-30,30791539
Genève (GE),2021-12-31,18825145
Genève (GE),2022-01-01,11553216
Genève (GE),2022-01-02,13332645
Genève (GE),2022-01-03,21733070
Genève (GE),2022-01-04,42210378
Genève (GE),2022-01-05,25721287
Genève (GE),2022-01-06,33830875
Genève (GE),2022-01-07,35709714
Genève (GE),2022-01-08,22772093
Genève (GE),2022-01-09,13544015
Genève (GE),2022-01-10,24807823
Genève (GE),2022-01-11,42649435
Genève (GE),2022-01-12,19940026
Genève (GE),2022-01-13,38167036
Genève (GE),2022-01-14,35390385
Genève (GE),2022-01-15,21468450
Genève (GE),2022-01-16,13863844
Genève (GE),2022-01-17,30356694
Genève (GE),2022-01-18,49040416
Genève (GE),2022-01-19,23750105
Genève (GE),2022-01-20,48256752
Genève (GE),2022-01-21,46991367
Genève (GE),2022-01-22,27709525
Genève (GE),2022-01-23,19082076
Genève (GE),2022-01-24,31019578
Genève (GE),2022-01-25,47689130
Genève (GE),2022-01-26,27163744
Genève (GE),2022-01-27,40007593
Genève (GE),2022-01-28,35529503
Genève (GE),2022-01-29,21878825
Genève (GE),2022-01-30,14480400
Genève (GE),2022-01-31,25020355
Genève (GE),2022-02-01,32824192
Genève (GE),2022-02-02,18916953
Genève (GE),2022-02-03,23453327
Genève (GE),2022-02-04,20057022
Genève (GE),2022-02-05,14064098
Genève (GE),2022-02-06,8596346
Genève (GE),2022-02-07,15241066
Genève (GE),2022-02-08,14196201
Genève (GE),2022-02-09,9310722
Genève (GE),2022-02-10,13928781
Genève (GE),2022-02-11,10249371
Genève (GE),2022-02-12,7323966
Genève (GE),2022-02-13,4135034
Genève (GE),2022-02-14,9312895
Genève (GE),2022-02-15,7894786
Genève (GE),2022-02-16,5460723
Genève (GE),2022-02-17,6847661
Genève (GE),2022-02-18,6321744
Genève (GE),2022-02-19,4091229
Genève (GE),2022-02-20,3529352
Genève (GE),2022-02-21,7340614
Genève (GE),2022-02-22,7157970
Genève (GE),2022-02-23,5432471
Genève (GE),2022-02-24,6370024
Genève (GE),2022-02-25,6091567
Genève (GE),2022-02-26,4188371
Genève (GE),2022-02-27,2825589
Genève (GE),2022-02-28,5687075
Laupen (BE),2020-10-01,627716
Laupen (BE),2020-10-02,879161
Laupen (BE),2020-10-03,429972
Laupen (BE),2020-10-04,160881
Laupen (BE),2020-10-05,648741
Laupen (BE),2020-10-06,1116093
Laupen (BE),2020-10-07,1802993
Laupen (BE),2020-10-08,1566233
Laupen (BE),2020-10-09,3224622
Laupen (BE),2020-10-10,2355629
Laupen (BE),2020-10-11,2542259
Laupen (BE),2020-10-12,4406463
Laupen (BE),2020-10-13,4825714
Laupen (BE),2020-10-14,4610546
Laupen (BE),2020-10-15,4569296
Laupen (BE),2020-10-16,5520699
Laupen (BE),2020-10-17,4449500
Laupen (BE),2020-10-18,5098151
Laupen (BE),2020-10-19,5780310
Laupen (BE),2020-10-20,8494942
Laupen (BE),2020-10-21,9162904
Laupen (BE),2020-10-22,12291098
Laupen (BE),2020-10-23,11772387
Laupen (BE),2020-10-24,8516591
Laupen (BE),2020-10-25,9052152
Laupen (BE),2020-10-26,15021415
Laupen (BE),2020-10-27,17552485
Laupen (BE),2020-10-28,12603001
Laupen (BE),2020-10-29,14179747
Laupen (BE),2020-10-30,12996801
Laupen (BE),2020-10-31,9361790
Laupen (BE),2020-11-01,7922978
Laupen (BE),2020-11-02,15913422
Laupen (BE),2020-11-03,15660383
Laupen (BE),2020-11-04,14218038
Laupen (BE),2020-11-05,13937761
Laupen (BE),2020-11-06,10096978
Laupen (BE),2020-11-07,6329132
Laupen (BE),2020-11-08,5204614
Laupen (BE),2020-11-09,11013331
Laupen (BE),2020-11-10,9978033
Laupen (BE),2020-11-11,8120936
Laupen (BE),2020-11-12,8845577
Laupen (BE),2020-11-13,7209695
Laupen (BE),2020-11-14,5904854
Laupen (BE),2020-11-15,4361337
Laupen (BE),2020-11-16,7143619
Laupen (BE),2020-11-17,6139675
Laupen (BE),2020-11-18,8113354
Laupen (BE),2020-11-19,4760392
Laupen (BE),2020-11-20,4404321
Laupen (BE),2020-11-21,4396837
Laupen (BE),2020-11-22,3249472
Laupen (BE),2020-11-23,5873798
Laupen (BE),2020-11-24,4014191
Laupen (BE),2020-11-25,3576425
Laupen (BE),2020-11-26,5529295
Laupen (BE),2020-11-27,3880458
Laupen (BE),2020-11-28,3825979
Laupen (BE),2020-11-29,2866731
Laupen (BE),2020-11-30,7312771
Laupen (BE),2020-12-01,5031236
Laupen (BE),2020-12-02,4762071
Laupen (BE),2020-12-03,2321555
Laupen (BE),2020-12-04,4798795
Laupen (BE),2020-12-05,4284282
Laupen (BE),2020-12-06,2249712
Laupen (BE),2020-12-07,3506212
Laupen (BE),2020-12-08,4015001
Laupen (BE),2020-12-09,3856803
Laupen (BE),2020-12-10,4524477
Laupen (BE),2020-12-11,4472752
Laupen (BE),2020-12-12,3392789
Laupen (BE),2020-12-13,3415058
Laupen (BE),2020-12-14,5955166
Laupen (BE),2020-12-15,4572779
Laupen (BE),2020-12-16,3196038
Laupen (BE),2020-12-17,6679368
Laupen (BE),2020-12-18,2534115
Laupen (BE),2020-12-19,3439534
Laupen (BE),2020-12-20,3283707
Laupen (BE),2020-12-21,4341716
Laupen (BE),2020-12-22,6054004
Laupen (BE),2020-12-23,3556915
Laupen (BE),2020-12-24,3281194
Laupen (BE),2020-12-25,2321078
Laupen (BE),2020-12-26,1505134
Laupen (BE),2020-12-27,2768671
Laupen (BE),2020-12-28,5053410
Laupen (BE),2020-12-29,4033629
Laupen (BE),2020-12-30,4404875
Laupen (BE),2020-12-31,3467839
Laupen (BE),2021-01-01,2179567
Laupen (BE),2021-01-02,4990173
Laupen (BE),2021-01-03,3175788
Laupen (BE),2021-01-04,3693033
Laupen (BE),2021-01-05,3503958
Laupen (BE),2021-01-06,2541071
Laupen (BE),2021-01-07,3995049
Laupen (BE),2021-01-08,3243985
Laupen (BE),2021-01-09,2578223
Laupen (BE),2021-01-10,1619933
Laupen (BE),2021-01-11,3800758
Laupen (BE),2021-01-12,3734172
Laupen (BE),2021-01-13,2388720
Laupen (BE),2021-01-14,1788650
Laupen (BE),2021-01-15,2569198
Laupen (BE),2021-01-16,2617532
Laupen (BE),2021-01-17,1445935
Laupen (BE),2021-01-18,2686295
Laupen (BE),2021-01-19,2150168
Laupen (BE),2021-01-20,2828441
Laupen (BE),2021-01-21,3165394
Laupen (BE),2021-01-22,2339075
Laupen (BE),2021-01-23,2267547
Laupen (BE),2021-01-24,1801103
Laupen (BE),2021-01-25,3719005
Laupen (BE),2021-01-26,4946766
Laupen (BE),2021-01-27,3208033
Laupen (BE),2021-01-28,3484859
Laupen (BE),2021-01-29,3190248
Laupen (BE),2021-01-30,2117733
Laupen (BE),2021-01-31,1532336
Laupen (BE),2021-02-01,4897336
Laupen (BE),2021-02-02,2709200
Laupen (BE),2021-02-03,3049876
Laupen (BE),2021-02-04,2062673
Laupen (BE),2021-02-05,4027348
Laupen (BE),2021-02-06,2086686
Laupen (BE),2021-02-07,1010858
Laupen (BE),2021-02-08,1277055
Laupen (BE),2021-02-09,2652700
Laupen (BE),2021-02-10,1731490
Laupen (BE),2021-02-11,2330090
Laupen (BE),2021-02-12,1558219
Laupen (BE),2021-02-13,1298752
Laupen (BE),2021-02-14,565946
Laupen (BE),2021-02-15,1773938
Laupen (BE),2021-02-16,1619814
Laupen (BE),2021-02-17,772986
Laupen (BE),2021-02-18,1066016
Laupen (BE),2021-02-19,676210
Laupen (BE),2021-02-20,287654
Laupen (BE),2021-02-21,515719
Laupen (BE),2021-02-22,2115327
Laupen (BE),2021-02-23,2073624
Laupen (BE),2021-02-24,2301257
Laupen (BE),2021-02-25,1368087
Laupen (BE),2021-02-26,543081
Laupen (BE),2021-02-27,1571560
Laupen (BE),2021-02-28,1273593
Laupen (BE),2021-03-01,895577
Laupen (BE),2021-03-02,2267502
Laupen (BE),2021-03-03,2528544
Laupen (BE),2021-03-04,1535493
Laupen (BE),2021-03-05,2296296
Laupen (BE),2021-03-06,1276625
Laupen (BE),2021-03-07,524924
Laupen (BE),2021-03-08,1504113
Laupen (BE),2021-03-09,1952944
Laupen (BE),2021-03-10,1550940
Laupen (BE),2021-03-11,977236
Laupen (BE),2021-03-12,1415015
Laupen (BE),2021-03-13,822022
Laupen (BE),2021-03-14,716494
Laupen (BE),2021-03-15,2857135
Laupen (BE),2021-03-16,1411389
Laupen (BE),2021-03-17,2907436
Laupen (BE),2021-03-18,1003931
Laupen (BE),2021-03-19,843870
Laupen (BE),2021-03-20,1217162
Laupen (BE),2021-03-21,1304915
Laupen (BE),2021-03-22,1526224
Laupen (BE),2021-03-23,1596528
Laupen (BE),2021-03-24,1181506
Laupen (BE),2021-03-25,1405875
Laupen (BE),2021-03-26,2548022
Laupen (BE),2021-03-27,1092336
Laupen (BE),2021-03-28,705464
Laupen (BE),2021-03-29,3816199
Laupen (BE),2021-03-30,1779001
Laupen (BE),2021-03-31,1802006
Laupen (BE),2021-04-01,1843535
Laupen (BE),2021-04-02,960568
Laupen (BE),2021-04-03,1823067
Laupen (BE),2021-04-04,596651
Laupen (BE),2021-04-05,1167372
Laupen (BE),2021-04-06,1961245
Laupen (BE),2021-04-07,1452781
Laupen (BE),2021-04-08,2414556
Laupen (BE),2021-04-09,3525357
Laupen (BE),2021-04-10,923169
Laupen (BE),2021-04-11,575833
Laupen (BE),2021-04-12,3060059
Laupen (BE),2021-04-13,3163232
Laupen (BE),2021-04-14,2246740
Laupen (BE),2021-04-15,1590277
Laupen (BE),2021-04-16,1383022
Laupen (BE),2021-04-17,1910352
Laupen (BE),2021-04-18,736070
Laupen (BE),2021-04-19,1650002
Laupen (BE),2021-04-20,3083018
Laupen (BE),2021-04-21,2722315
Laupen (BE),2021-04-22,1863790
Laupen (BE),2021-04-23,1540409
Laupen (BE),2021-04-24,2590405
Laupen (BE),2021-04-25,2047318
Laupen (BE),2021-04-26,3111231
Laupen (BE),2021-04-27,2138202
Laupen (BE),2021-04-28,2131035
Laupen (BE),2021-04-29,2786506
Laupen (BE),2021-04-30,2018003
Laupen (BE),2021-05-01,1620875
Laupen (BE),2021-05-02,455104
Laupen (BE),2021-05-03,2056728
Laupen (BE),2021-05-04,697798
Laupen (BE),2021-05-05,2141230
Laupen (BE),2021-05-06,1063002
Laupen (BE),2021-05-07,1788516
Laupen (BE),2021-05-08,2189757
Laupen (BE),2021-05-09,1129032
Laupen (BE),2021-05-10,1290751
Laupen (BE),2021-05-11,1619633
Laupen (BE),2021-05-12,1884178
Laupen (BE),2021-05-13,470589
Laupen (BE),2021-05-14,1869326
Laupen (BE),2021-05-15,757958
Laupen (BE),2021-05-16,554532
Laupen (BE),2021-05-17,827067
Laupen (BE),2021-05-18,1428817
Laupen (BE),2021-05-19,1615951
Laupen (BE),2021-05-20,1232770
Laupen (BE),2021-05-21,1484565
Laupen (BE),2021-05-22,1052747
Laupen (BE),2021-05-23,392499
Laupen (BE),2021-05-24,357342
Laupen (BE),2021-05-25,987415
Laupen (BE),2021-05-26,1089353
Laupen (BE),2021-05-27,543614
Laupen (BE),2021-05-28,340695
Laupen (BE),2021-05-29,144398
Laupen (BE),2021-05-30,1109463
Laupen (BE),2021-05-31,377888
Laupen (BE),2021-06-01,220072
Laupen (BE),2021-06-02,74445
Laupen (BE),2021-06-03,202884
Laupen (BE),2021-06-04,174031
Laupen (BE),2021-06-05,196052
Laupen (BE),2021-06-06,0
Laupen (BE),2021-06-07,358680
Laupen (BE),2021-06-08,0
Laupen (BE),2021-06-09,197390
Laupen (BE),2021-06-10,0
Laupen (BE),2021-06-11,323379
Laupen (BE),2021-06-12,0
Laupen (BE),2021-06-13,27176
Laupen (BE),2021-06-14,0
Laupen (BE),2021-06-15,0
Laupen (BE),2021-06-16,0
Laupen (BE),2021-06-17,0
Laupen (BE),2021-06-18,313669
Laupen (BE),2021-06-19,0
Laupen (BE),2021-06-20,0
Laupen (BE),2021-06-21,0
Laupen (BE),2021-06-22,287637
Laupen (BE),2021-06-23,0
Laupen (BE),2021-06-24,0
Laupen (BE),2021-06-25,0
Laupen (BE),2021-06-26,0
Laupen (BE),2021-06-27,0
Laupen (BE),2021-06-28,0
Laupen (BE),2021-06-29,0
Laupen (BE),2021-06-30,0
Laupen (BE),2021-07-01,0
Laupen (BE),2021-07-02,0
Laupen (BE),2021-07-03,0
Laupen (BE),2021-07-04,0
Laupen (BE),2021-07-05,0
Laupen (BE),2021-07-06,202386
Laupen (BE),2021-07-07,127546
Laupen (BE),2021-07-08,0
Laupen (BE),2021-07-09,0
Laupen (BE),2021-07-10,0
Laupen (BE),2021-07-11,0
Laupen (BE),2021-07-12,211020
Laupen (BE),2021-07-13,482420
Laupen (BE),2021-07-14,159952
Laupen (BE),2021-07-15,268122
Laupen (BE),2021-07-16,354202
Laupen (BE),2021-07-17,0
Laupen (BE),2021-07-18,0
Laupen (BE),2021-07-19,215620
Laupen (BE),2021-07-20,131960
Laupen (BE),2021-07-21,0
Laupen (BE),2021-07-22,51502
Laupen (BE),2021-07-23,403482
Laupen (BE),2021-07-24,0
Laupen (BE),2021-07-25,337676
Laupen (BE),2021-07-26,478979
Laupen (BE),2021-07-27,0
Laupen (BE),2021-07-28,1163793
Laupen (BE),2021-07-29,1658749
Laupen (BE),2021-07-30,615937
Laupen (BE),2021-07-31,738588
Laupen (BE),2021-08-01,41053
Laupen (BE),2021-08-02,557815
Laupen (BE),2021-08-03,723529
Laupen (BE),2021-08-04,991351
Laupen (BE),2021-08-05,902223
Laupen (BE),2021-08-06,2070824
Laupen (BE),2021-08-07,1217748
Laupen (BE),2021-08-08,1055035
Laupen (BE),2021-08-09,1925245
Laupen (BE),2021-08-10,3013831
Laupen (BE),2021-08-11,1399342
Laupen (BE),2021-08-12,2360743
Laupen (BE),2021-08-13,840530
Laupen (BE),2021-08-14,3815860
Laupen (BE),2021-08-15,3352899
Laupen (BE),2021-08-16,1146946
Laupen (BE),2021-08-17,3684334
Laupen (BE),2021-08-18,2272133
Laupen (BE),2021-08-19,2478262
Laupen (BE),2021-08-20,4129362
Laupen (BE),2021-08-21,2377683
Laupen (BE),2021-08-22,2590413
Laupen (BE),2021-08-23,1983928
Laupen (BE),2021-08-24,3136764
Laupen (BE),2021-08-25,3663584
Laupen (BE),2021-08-26,3418429
Laupen (BE),2021-08-27,2366694
Laupen (BE),2021-08-28,2441510
Laupen (BE),2021-08-29,1280135
Laupen (BE),2021-08-30,1941717
Laupen (BE),2021-08-31,2642982
Laupen (BE),2021-09-01,4177257
Laupen (BE),2021-09-02,2943488
Laupen (BE),2021-09-03,1876833
Laupen (BE),2021-09-04,1155829
Laupen (BE),2021-09-05,1797557
Laupen (BE),2021-09-06,1423157
Laupen (BE),2021-09-07,3093027
Laupen (BE),2021-09-08,2919520
Laupen (BE),2021-09-09,2029887
Laupen (BE),2021-09-10,1948942
Laupen (BE),2021-09-11,3129733
Laupen (BE),2021-09-12,2704461
Laupen (BE),2021-09-13,1647748
Laupen (BE),2021-09-14,3531056
Laupen (BE),2021-09-15,1736413
Laupen (BE),2021-09-16,4309499
Laupen (BE),2021-09-17,3380197
Laupen (BE),2021-09-18,2137759
Laupen (BE),2021-09-19,1416999
Laupen (BE),2021-09-20,3873984
Laupen (BE),2021-09-21,2840396
Laupen (BE),2021-09-22,1131630
Laupen (BE),2021-09-23,1537571
Laupen (BE),2021-09-24,1876078
Laupen (BE),2021-09-25,1446222
Laupen (BE),2021-09-26,1236510
Laupen (BE),2021-09-27,528276
Laupen (BE),2021-09-28,1556095
Laupen (BE),2021-09-29,1209662
Laupen (BE),2021-09-30,324896
Laupen (BE),2021-10-01,389060
Laupen (BE),2021-10-02,1005302
Laupen (BE),2021-10-03,527138
Laupen (BE),2021-10-04,210257
Laupen (BE),2021-10-05,753983
Laupen (BE),2021-10-06,507630
Laupen (BE),2021-10-07,590019
Laupen (BE),2021-10-08,712067
Laupen (BE),2021-10-09,572836
Laupen (BE),2021-10-10,452425
Laupen (BE),2021-10-11,699741
Laupen (BE),2021-10-12,886451
Laupen (BE),2021-10-13,603654
Laupen (BE),2021-10-14,842420
Laupen (BE),2021-10-15,648895
Laupen (BE),2021-10-16,0
Laupen (BE),2021-10-17,1808438
Laupen (BE),2021-10-18,893345
Laupen (BE),2021-10-19,1138301
Laupen (BE),2021-10-20,1352247
Laupen (BE),2021-10-21,2323451
Laupen (BE),2021-10-22,2680815
Laupen (BE),2021-10-23,1464417
Laupen (BE),2021-10-24,1884952
Laupen (BE),2021-10-25,1772357
Laupen (BE),2021-10-26,972809
Laupen (BE),2021-10-27,691926
Laupen (BE),2021-10-28,2015395
Laupen (BE),2021-10-29,2059697
Laupen (BE),2021-10-30,1034318
Laupen (BE),2021-10-31,2312348
Laupen (BE),2021-11-01,1348789
Laupen (BE),2021-11-02,2363618
Laupen (BE),2021-11-03,1259193
Laupen (BE),2021-11-04,1872070
Laupen (BE),2021-11-05,3181722
Laupen (BE),2021-11-06,4042447
Laupen (BE),2021-11-07,2669468
Laupen (BE),2021-11-08,2294710
Laupen (BE),2021-11-09,5504727
Laupen (BE),2021-11-10,4490554
Laupen (BE),2021-11-11,3959160
Laupen (BE),2021-11-12,6677748
Laupen (BE),2021-11-13,6124655
Laupen (BE),2021-11-14,4511050
Laupen (BE),2021-11-15,8484389
Laupen (BE),2021-11-16,8022745
Laupen (BE),2021-11-17,5837227
Laupen (BE),2021-11-18,10838321
Laupen (BE),2021-11-19,10018898
Laupen (BE),2021-11-20,9995712
Laupen (BE),2021-11-21,8319776
Laupen (BE),2021-11-22,10362620
Laupen (BE),2021-11-23,12586045
Laupen (BE),2021-11-24,8952613
Laupen (BE),2021-11-25,12668964
Laupen (BE),2021-11-26,11987141
Laupen (BE),2021-11-27,10094445
Laupen (BE),2021-11-28,10981524
Laupen (BE),2021-11-29,12463726
Laupen (BE),2021-11-30,15867516
Laupen (BE),2021-12-01,11391870
Laupen (BE),2021-12-02,19826547
Laupen (BE),2021-12-03,18301757
Laupen (BE),2021-12-04,9335738
Laupen (BE),2021-12-05,12334089
Laupen (BE),2021-12-06,13159890
Laupen (BE),2021-12-07,12662813
Laupen (BE),2021-12-08,9445562
Laupen (BE),2021-12-09,14358124
Laupen (BE),2021-12-10,17060020
Laupen (BE),2021-12-11,7708065
Laupen (BE),2021-12-12,8934609
Laupen (BE),2021-12-13,8365981
Laupen (BE),2021-12-14,13778238
Laupen (BE),2021-12-15,8385838
Laupen (BE),2021-12-16,10522879
Laupen (BE),2021-12-17,11213505
Laupen (BE),2021-12-18,10719815
Laupen (BE),2021-12-19,6258703
Laupen (BE),2021-12-20,5869154
Laupen (BE),2021-12-21,13466681
Laupen (BE),2021-12-22,9365835
Laupen (BE),2021-12-23,12930292
Laupen (BE),2021-12-24,12931054
Laupen (BE),2021-12-25,9806707
Laupen (BE),2021-12-26,10301689
Laupen (BE),2021-12-27,12455918
Laupen (BE),2021-12-28,20882128
Laupen (BE),2021-12-29,17666349
Laupen (BE),2021-12-30,30139974
Laupen (BE),2021-12-31,25017074
Laupen (BE),2022-01-01,15099273
Laupen (BE),2022-01-02,20671913
Laupen (BE),2022-01-03,21973486
Laupen (BE),2022-01-04,41471401
Laupen (BE),2022-01-05,21335281
Laupen (BE),2022-01-06,36777655
Laupen (BE),2022-01-07,30400395
Laupen (BE),2022-01-08,21619747
Laupen (BE),2022-01-09,20689875
Laupen (BE),2022-01-10,16408453
Laupen (BE),2022-01-11,34483657
Laupen (BE),2022-01-12,28509048
Laupen (BE),2022-01-13,34132122
Laupen (BE),2022-01-14,32784057
Laupen (BE),2022-01-15,29017268
Laupen (BE),2022-01-16,20532285
Laupen (BE),2022-01-17,23000338
Laupen (BE),2022-01-18,39776461
Laupen (BE),2022-01-19,23391278
Laupen (BE),2022-01-20,44875888
Laupen (BE),2022-01-21,46480689
Laupen (BE),2022-01-22,44436186
Laupen (BE),2022-01-23,33743456
Laupen (BE),2022-01-24,21262386
Laupen (BE),2022-01-25,53054424
Laupen (BE),2022-01-26,38034704
Laupen (BE),2022-01-27,52239894
Laupen (BE),2022-01-28,50770417
Laupen (BE),2022-01-29,43603644
Laupen (BE),2022-01-30,37592277
Laupen (BE),2022-01-31,38660113
Laupen (BE),2022-02-01,55323900
Laupen (BE),2022-02-02,39275271
Laupen (BE),2022-02-03,44801939
Laupen (BE),2022-02-04,43869051
Laupen (BE),2022-02-05,37851571
Laupen (BE),2022-02-06,28705367
Laupen (BE),2022-02-07,33284994
Laupen (BE),2022-02-08,42259094
Laupen (BE),2022-02-09,35583949
Laupen (BE),2022-02-10,42870645
Laupen (BE),2022-02-11,36459822
Laupen (BE),2022-02-12,30980483
Laupen (BE),2022-02-13,27494352
Laupen (BE),2022-02-14,27704179
Laupen (BE),2022-02-15,36849571
Laupen (BE),2022-02-16,23680855
Laupen (BE),2022-02-17,18973876
Laupen (BE),2022-02-18,22190557
Laupen (BE),2022-02-19,16864222
Laupen (BE),2022-02-20,17006351
Laupen (BE),2022-02-21,22281334
Laupen (BE),2022-02-22,25604729
Laupen (BE),2022-02-23,24475824
Laupen (BE),2022-02-24,29256234
Laupen (BE),2022-02-25,25274765
Laupen (BE),2022-02-26,15944832
Laupen (BE),2022-02-27,17443133
Laupen (BE),2022-02-28,25105992
Lugano (TI),2020-10-02,241627
Lugano (TI),2020-10-03,0
Lugano (TI),2020-10-04,0
Lugano (TI),2020-10-05,1047765
Lugano (TI),2020-10-06,1369624
Lugano (TI),2020-10-07,964657
Lugano (TI),2020-10-08,1046118
Lugano (TI),2020-10-09,884442
Lugano (TI),2020-10-10,0
Lugano (TI),2020-10-11,679392
Lugano (TI),2020-10-12,2335220
Lugano (TI),2020-10-13,3061440
Lugano (TI),2020-10-14,2336253
Lugano (TI),2020-10-15,3224001
Lugano (TI),2020-10-16,4010426
Lugano (TI),2020-10-17,1529348
Lugano (TI),2020-10-18,1688561
Lugano (TI),2020-10-19,7090871
Lugano (TI),2020-10-20,6594884
Lugano (TI),2020-10-21,7230471
Lugano (TI),2020-10-22,6673149
Lugano (TI),2020-10-23,8762100
Lugano (TI),2020-10-24,5031494
Lugano (TI),2020-10-25,5952613
Lugano (TI),2020-10-26,13215962
Lugano (TI),2020-10-27,12058756
Lugano (TI),2020-10-28,9433388
Lugano (TI),2020-10-29,11059000
Lugano (TI),2020-10-30,9103419
Lugano (TI),2020-10-31,5316019
Lugano (TI),2020-11-01,5051472
Lugano (TI),2020-11-02,14050350
Lugano (TI),2020-11-03,11039584
Lugano (TI),2020-11-04,8607261
Lugano (TI),2020-11-05,10655551
Lugano (TI),2020-11-06,10172327
Lugano (TI),2020-11-07,5912330
Lugano (TI),2020-11-08,2071885
Lugano (TI),2020-11-09,12912500
Lugano (TI),2020-11-10,11384463
Lugano (TI),2020-11-11,8953277
Lugano (TI),2020-11-12,10281490
Lugano (TI),2020-11-13,8530005
Lugano (TI),2020-11-14,3771545
Lugano (TI),2020-11-15,3782990
Lugano (TI),2020-11-16,9853187
Lugano (TI),2020-11-17,6385066
Lugano (TI),2020-11-18,6991039
Lugano (TI),2020-11-19,7320747
Lugano (TI),2020-11-20,5554650
Lugano (TI),2020-11-21,5265466
Lugano (TI),2020-11-22,4812342
Lugano (TI),2020-11-23,8615270
Lugano (TI),2020-11-24,4422361
Lugano (TI),2020-11-25,5750540
Lugano (TI),2020-11-26,8193002
Lugano (TI),2020-11-27,5152139
Lugano (TI),2020-11-28,4299752
Lugano (TI),2020-11-29,3219359
Lugano (TI),2020-11-30,9834116
Lugano (TI),2020-12-01,7587566
Lugano (TI),2020-12-02,7155093
Lugano (TI),2020-12-03,7249772
Lugano (TI),2020-12-04,7884655
Lugano (TI),2020-12-05,3883893
Lugano (TI),2020-12-06,2494585
Lugano (TI),2020-12-07,9137402
Lugano (TI),2020-12-08,5393555
Lugano (TI),2020-12-09,12695393
Lugano (TI),2020-12-10,9414195
Lugano (TI),2020-12-11,9564715
Lugano (TI),2020-12-12,5659704
Lugano (TI),2020-12-13,3460108
Lugano (TI),2020-12-14,9591416
Lugano (TI),2020-12-15,7965201
Lugano (TI),2020-12-16,7086670
Lugano (TI),2020-12-17,6071552
Lugano (TI),2020-12-18,5628204
Lugano (TI),2020-12-19,4953392
Lugano (TI),2020-12-20,2838423
Lugano (TI),2020-12-21,8455663
Lugano (TI),2020-12-22,6002262
Lugano (TI),2020-12-23,6357147
Lugano (TI),2020-12-24,3278615
Lugano (TI),2020-12-25,3279843
Lugano (TI),2020-12-26,3803017
Lugano (TI),2020-12-27,2818506
Lugano (TI),2020-12-28,6193667
Lugano (TI),2020-12-29,6627101
Lugano (TI),2020-12-30,6438674
Lugano (TI),2020-12-31,6220077
Lugano (TI),2021-01-01,4017460
Lugano (TI),2021-01-02,4182997
Lugano (TI),2021-01-03,3218881
Lugano (TI),2021-01-04,6608896
Lugano (TI),2021-01-05,5065005
Lugano (TI),2021-01-06,2334876
Lugano (TI),2021-01-07,4531787
Lugano (TI),2021-01-08,2819595
Lugano (TI),2021-01-09,1524058
Lugano (TI),2021-01-10,1207506
Lugano (TI),2021-01-11,4049381
Lugano (TI),2021-01-12,2680134
Lugano (TI),2021-01-13,2072213
Lugano (TI),2021-01-14,2196160
Lugano (TI),2021-01-15,2439166
Lugano (TI),2021-01-16,1608217
Lugano (TI),2021-01-17,1047294
Lugano (TI),2021-01-18,2012707
Lugano (TI),2021-01-19,1048624
Lugano (TI),2021-01-20,1367830
Lugano (TI),2021-01-21,1046209
Lugano (TI),2021-01-22,795304
Lugano (TI),2021-01-23,564049
Lugano (TI),2021-01-24,643527
Lugano (TI),2021-01-25,965897
Lugano (TI),2021-01-26,647293
Lugano (TI),2021-01-27,484036
Lugano (TI),2021-01-28,885739
Lugano (TI),2021-01-29,240918
Lugano (TI),2021-01-30,0
Lugano (TI),2021-01-31,116024
Lugano (TI),2021-02-01,967694
Lugano (TI),2021-02-02,1206409
Lugano (TI),2021-02-03,1931840
Lugano (TI),2021-02-04,1372354
Lugano (TI),2021-02-05,1207245
Lugano (TI),2021-02-06,920765
Lugano (TI),2021-02-07,402321
Lugano (TI),2021-02-08,1529860
Lugano (TI),2021-02-09,1321879
Lugano (TI),2021-02-10,1123636
Lugano (TI),2021-02-11,1123812
Lugano (TI),2021-02-12,723897
Lugano (TI),2021-02-13,723293
Lugano (TI),2021-02-14,0
Lugano (TI),2021-02-15,759622
Lugano (TI),2021-02-16,644126
Lugano (TI),2021-02-17,483014
Lugano (TI),2021-02-18,804443
Lugano (TI),2021-02-19,482567
Lugano (TI),2021-02-20,482549
Lugano (TI),2021-02-21,241729
Lugano (TI),2021-02-22,1164016
Lugano (TI),2021-02-23,1605010
Lugano (TI),2021-02-24,560044
Lugano (TI),2021-02-25,1446616
Lugano (TI),2021-02-26,1287717
Lugano (TI),2021-02-27,1126603
Lugano (TI),2021-02-28,564109
Lugano (TI),2021-03-01,1767225
Lugano (TI),2021-03-02,1368985
Lugano (TI),2021-03-03,1528842
Lugano (TI),2021-03-04,1289206
Lugano (TI),2021-03-05,2013288
Lugano (TI),2021-03-06,967410
Lugano (TI),2021-03-07,562664
Lugano (TI),2021-03-08,2361489
Lugano (TI),2021-03-09,2365119
Lugano (TI),2021-03-10,1849626
Lugano (TI),2021-03-11,2255648
Lugano (TI),2021-03-12,2487601
Lugano (TI),2021-03-13,1970441
Lugano (TI),2021-03-14,1607740
Lugano (TI),2021-03-15,3040003
Lugano (TI),2021-03-16,2414006
Lugano (TI),2021-03-17,1528522
Lugano (TI),2021-03-18,1850271
Lugano (TI),2021-03-19,965655
Lugano (TI),2021-03-20,1930844
Lugano (TI),2021-03-21,321710
Lugano (TI),2021-03-22,3095192
Lugano (TI),2021-03-23,1928719
Lugano (TI),2021-03-24,2981250
Lugano (TI),2021-03-25,2979460
Lugano (TI),2021-03-26,2738228
Lugano (TI),2021-03-27,1644139
Lugano (TI),2021-03-28,1127570
Lugano (TI),2021-03-29,3116174
Lugano (TI),2021-03-30,2573887
Lugano (TI),2021-03-31,3059958
Lugano (TI),2021-04-01,2092183
Lugano (TI),2021-04-02,1447828
Lugano (TI),2021-04-03,1210853
Lugano (TI),2021-04-04,563658
Lugano (TI),2021-04-05,759886
Lugano (TI),2021-04-06,2932686
Lugano (TI),2021-04-07,1527350
Lugano (TI),2021-04-08,2539045
Lugano (TI),2021-04-09,1562000
Lugano (TI),2021-04-10,1289525
Lugano (TI),2021-04-11,965585
Lugano (TI),2021-04-12,2590205
Lugano (TI),2021-04-13,1595177
Lugano (TI),2021-04-14,1207729
Lugano (TI),2021-04-15,1368575
Lugano (TI),2021-04-16,2393417
Lugano (TI),2021-04-17,804911
Lugano (TI),2021-04-18,1369038
Lugano (TI),2021-04-19,2564064
Lugano (TI),2021-04-20,725608
Lugano (TI),2021-04-21,1448853
Lugano (TI),2021-04-22,1775471
Lugano (TI),2021-04-23,2933888
Lugano (TI),2021-04-24,1525561
Lugano (TI),2021-04-25,1199205
Lugano (TI),2021-04-26,1926327
Lugano (TI),2021-04-27,1690612
Lugano (TI),2021-04-28,1158742
Lugano (TI),2021-04-29,885121
Lugano (TI),2021-04-30,1288232
Lugano (TI),2021-05-01,1046439
Lugano (TI),2021-05-02,0
Lugano (TI),2021-05-03,2250653
Lugano (TI),2021-05-04,1208630
Lugano (TI),2021-05-05,2209918
Lugano (TI),2021-05-06,1283489
Lugano (TI),2021-05-07,1768080
Lugano (TI),2021-05-08,805075
Lugano (TI),2021-05-09,723731
Lugano (TI),2021-05-10,1472939
Lugano (TI),2021-05-11,563330
Lugano (TI),2021-05-12,1400703
Lugano (TI),2021-05-13,104656
Lugano (TI),2021-05-14,966026
Lugano (TI),2021-05-15,402639
Lugano (TI),2021-05-16,0
Lugano (TI),2021-05-17,643015
Lugano (TI),2021-05-18,759882
Lugano (TI),2021-05-19,483322
Lugano (TI),2021-05-20,0
Lugano (TI),2021-05-21,482773
Lugano (TI),2021-05-22,482515
Lugano (TI),2021-05-23,0
Lugano (TI),2021-05-24,160867
Lugano (TI),2021-05-25,0
Lugano (TI),2021-05-26,161049
Lugano (TI),2021-05-27,402533
Lugano (TI),2021-05-28,0
Lugano (TI),2021-05-29,196361
Lugano (TI),2021-05-30,161215
Lugano (TI),2021-05-31,321589
Lugano (TI),2021-06-01,483013
Lugano (TI),2021-06-02,241319
Lugano (TI),2021-06-03,161164
Lugano (TI),2021-06-04,563461
Lugano (TI),2021-06-05,0
Lugano (TI),2021-06-06,0
Lugano (TI),2021-06-07,265499
Lugano (TI),2021-06-08,185163
Lugano (TI),2021-06-09,0
Lugano (TI),2021-06-10,0
Lugano (TI),2021-06-11,0
Lugano (TI),2021-06-12,0
Lugano (TI),2021-06-13,0
Lugano (TI),2021-06-14,0
Lugano (TI),2021-06-15,241319
Lugano (TI),2021-06-16,482679
Lugano (TI),2021-06-17,0
Lugano (TI),2021-06-18,164173
Lugano (TI),2021-06-19,0
Lugano (TI),2021-06-20,0
Lugano (TI),2021-06-21,161290
Lugano (TI),2021-06-22,80574
Lugano (TI),2021-06-23,161067
Lugano (TI),2021-06-24,80626
Lugano (TI),2021-06-25,0
Lugano (TI),2021-06-26,0
Lugano (TI),2021-06-27,0
Lugano (TI),2021-06-28,0
Lugano (TI),2021-06-29,0
Lugano (TI),2021-06-30,241472
Lugano (TI),2021-07-01,402394
Lugano (TI),2021-07-02,161091
Lugano (TI),2021-07-03,0
Lugano (TI),2021-07-04,0
Lugano (TI),2021-07-05,322257
Lugano (TI),2021-07-06,321500
Lugano (TI),2021-07-07,241373
Lugano (TI),2021-07-08,399098
Lugano (TI),2021-07-09,0
Lugano (TI),2021-07-10,401844
Lugano (TI),2021-07-11,483255
Lugano (TI),2021-07-12,643862
Lugano (TI),2021-07-13,723497
Lugano (TI),2021-07-14,839784
Lugano (TI),2021-07-15,482724
Lugano (TI),2021-07-16,483056
Lugano (TI),2021-07-17,644237
Lugano (TI),2021-07-18,0
Lugano (TI),2021-07-19,645220
Lugano (TI),2021-07-20,748527
Lugano (TI),2021-07-21,160965
Lugano (TI),2021-07-22,562975
Lugano (TI),2021-07-23,1046181
Lugano (TI),2021-07-24,559736
Lugano (TI),2021-07-25,805053
Lugano (TI),2021-07-26,482946
Lugano (TI),2021-07-27,640537
Lugano (TI),2021-07-28,724101
Lugano (TI),2021-07-29,1311239
Lugano (TI),2021-07-30,563684
Lugano (TI),2021-07-31,1045357
Lugano (TI),2021-08-01,885556
Lugano (TI),2021-08-02,563023
Lugano (TI),2021-08-03,966182
Lugano (TI),2021-08-04,724146
Lugano (TI),2021-08-05,563303
Lugano (TI),2021-08-06,1126785
Lugano (TI),2021-08-07,486646
Lugano (TI),2021-08-08,803888
Lugano (TI),2021-08-09,1393565
Lugano (TI),2021-08-10,1528851
Lugano (TI),2021-08-11,805156
Lugano (TI),2021-08-12,2010024
Lugano (TI),2021-08-13,1771994
Lugano (TI),2021-08-14,1614158
Lugano (TI),2021-08-15,321846
Lugano (TI),2021-08-16,1442031
Lugano (TI),2021-08-17,1528790
Lugano (TI),2021-08-18,1368585
Lugano (TI),2021-08-19,1529382
Lugano (TI),2021-08-20,885426
Lugano (TI),2021-08-21,725190
Lugano (TI),2021-08-22,0
Lugano (TI),2021-08-23,2410014
Lugano (TI),2021-08-24,1442027
Lugano (TI),2021-08-25,964563
Lugano (TI),2021-08-26,1287616
Lugano (TI),2021-08-27,1528851
Lugano (TI),2021-08-28,643857
Lugano (TI),2021-08-29,563592
Lugano (TI),2021-08-30,1847913
Lugano (TI),2021-08-31,2092194
Lugano (TI),2021-09-01,437582
Lugano (TI),2021-09-02,563117
Lugano (TI),2021-09-03,1286702
Lugano (TI),2021-09-04,402808
Lugano (TI),2021-09-05,0
Lugano (TI),2021-09-06,321348
Lugano (TI),2021-09-07,724811
Lugano (TI),2021-09-08,321932
Lugano (TI),2021-09-09,563056
Lugano (TI),2021-09-10,437217
Lugano (TI),2021-09-11,482478
Lugano (TI),2021-09-12,160518
Lugano (TI),2021-09-13,806285
Lugano (TI),2021-09-14,401758
Lugano (TI),2021-09-15,402609
Lugano (TI),2021-09-16,590290
Lugano (TI),2021-09-17,884553
Lugano (TI),2021-09-18,160934
Lugano (TI),2021-09-19,0
Lugano (TI),2021-09-20,723821
Lugano (TI),2021-09-21,722148
Lugano (TI),2021-09-22,1398
Lugano (TI),2021-09-23,162052
Lugano (TI),2021-09-24,483407
Lugano (TI),2021-09-25,0
Lugano (TI),2021-09-26,161121
Lugano (TI),2021-09-27,479455
Lugano (TI),2021-09-28,480126
Lugano (TI),2021-09-29,241935
Lugano (TI),2021-09-30,482946
Lugano (TI),2021-10-01,563149
Lugano (TI),2021-10-02,77098
Lugano (TI),2021-10-03,0
Lugano (TI),2021-10-04,481105
Lugano (TI),2021-10-05,483871
Lugano (TI),2021-10-06,323206
Lugano (TI),2021-10-07,323380
Lugano (TI),2021-10-08,483226
Lugano (TI),2021-10-09,0
Lugano (TI),2021-10-10,0
Lugano (TI),2021-10-11,243333
Lugano (TI),2021-10-12,644161
Lugano (TI),2021-10-13,270456
Lugano (TI),2021-10-14,151404
Lugano (TI),2021-10-15,402891
Lugano (TI),2021-10-16,0
Lugano (TI),2021-10-17,0
Lugano (TI),2021-10-18,241163
Lugano (TI),2021-10-19,357344
Lugano (TI),2021-10-20,473267
Lugano (TI),2021-10-21,482572
Lugano (TI),2021-10-22,402918
Lugano (TI),2021-10-23,562816
Lugano (TI),2021-10-24,0
Lugano (TI),2021-10-25,196621
Lugano (TI),2021-10-26,401534
Lugano (TI),2021-10-27,157644
Lugano (TI),2021-10-28,518942
Lugano (TI),2021-10-29,242274
Lugano (TI),2021-10-30,80496
Lugano (TI),2021-10-31,157743
Lugano (TI),2021-11-01,0
Lugano (TI),2021-11-02,1045297
Lugano (TI),2021-11-03,803969
Lugano (TI),2021-11-04,1044863
Lugano (TI),2021-11-05,1126839
Lugano (TI),2021-11-06,805352
Lugano (TI),2021-11-07,564217
Lugano (TI),2021-11-08,392723
Lugano (TI),2021-11-09,1207107
Lugano (TI),2021-11-10,830828
Lugano (TI),2021-11-11,1207913
Lugano (TI),2021-11-12,1046999
Lugano (TI),2021-11-13,965678
Lugano (TI),2021-11-14,322505
Lugano (TI),2021-11-15,1772450
Lugano (TI),2021-11-16,1851916
Lugano (TI),2021-11-17,966243
Lugano (TI),2021-11-18,3459770
Lugano (TI),2021-11-19,3058510
Lugano (TI),2021-11-20,2129063
Lugano (TI),2021-11-21,886073
Lugano (TI),2021-11-22,2416448
Lugano (TI),2021-11-23,3141119
Lugano (TI),2021-11-24,1529296
Lugano (TI),2021-11-25,4855281
Lugano (TI),2021-11-26,3700233
Lugano (TI),2021-11-27,1931323
Lugano (TI),2021-11-28,1207232
Lugano (TI),2021-11-29,2817225
Lugano (TI),2021-11-30,3091109
Lugano (TI),2021-12-01,2090423
Lugano (TI),2021-12-02,4350737
Lugano (TI),2021-12-03,4346311
Lugano (TI),2021-12-04,2278356
Lugano (TI),2021-12-05,1710523
Lugano (TI),2021-12-06,3561732
Lugano (TI),2021-12-07,4906761
Lugano (TI),2021-12-08,1207053
Lugano (TI),2021-12-09,8148641
Lugano (TI),2021-12-10,5179507
Lugano (TI),2021-12-11,3211467
Lugano (TI),2021-12-12,2105288
Lugano (TI),2021-12-13,4595483
Lugano (TI),2021-12-14,6071872
Lugano (TI),2021-12-15,4831206
Lugano (TI),2021-12-16,5971007
Lugano (TI),2021-12-17,6456388
Lugano (TI),2021-12-18,5152758
Lugano (TI),2021-12-19,3686540
Lugano (TI),2021-12-20,6473816
Lugano (TI),2021-12-21,13377007
Lugano (TI),2021-12-22,7923352
Lugano (TI),2021-12-23,17805982
Lugano (TI),2021-12-24,16382492
Lugano (TI),2021-12-25,8820580
Lugano (TI),2021-12-26,12863108
Lugano (TI),2021-12-27,20644530
Lugano (TI),2021-12-28,40072045
Lugano (TI),2021-12-29,19740884
Lugano (TI),2021-12-30,40470707
Lugano (TI),2021-12-31,27599354
Lugano (TI),2022-01-01,16819314
Lugano (TI),2022-01-02,19317101
Lugano (TI),2022-01-03,20092492
Lugano (TI),2022-01-04,41430406
Lugano (TI),2022-01-05,17522617
Lugano (TI),2022-01-06,17788252
Lugano (TI),2022-01-07,45587317
Lugano (TI),2022-01-08,27316285
Lugano (TI),2022-01-09,22658153
Lugano (TI),2022-01-10,21856728
Lugano (TI),2022-01-11,25489767
Lugano (TI),2022-01-12,14158371
Lugano (TI),2022-01-13,30736910
Lugano (TI),2022-01-14,34242212
Lugano (TI),2022-01-15,21306007
Lugano (TI),2022-01-16,14608150
Lugano (TI),2022-01-17,17637814
Lugano (TI),2022-01-18,32844649
Lugano (TI),2022-01-19,13373491
Lugano (TI),2022-01-20,32651729
Lugano (TI),2022-01-21,33809884
Lugano (TI),2022-01-22,21124952
Lugano (TI),2022-01-23,17165079
Lugano (TI),2022-01-24,21144009
Lugano (TI),2022-01-25,26726200
Lugano (TI),2022-01-26,12529561
Lugano (TI),2022-01-27,29918271
Lugano (TI),2022-01-28,28003677
Lugano (TI),2022-01-29,15866580
Lugano (TI),2022-01-30,13953746
Lugano (TI),2022-01-31,13105237
Lugano (TI),2022-02-01,25981280
Lugano (TI),2022-02-02,12640558
Lugano (TI),2022-02-03,22525218
Lugano (TI),2022-02-04,20537540
Lugano (TI),2022-02-05,13882825
Lugano (TI),2022-02-06,8242615
Lugano (TI),2022-02-07,11367953
Lugano (TI),2022-02-08,18343723
Lugano (TI),2022-02-09,10222849
Lugano (TI),2022-02-10,16896498
Lugano (TI),2022-02-11,17542940
Lugano (TI),2022-02-12,10961281
Lugano (TI),2022-02-13,7966430
Lugano (TI),2022-02-14,13235037
Lugano (TI),2022-02-15,13518951
Lugano (TI),2022-02-16,9280617
Lugano (TI),2022-02-17,11872730
Lugano (TI),2022-02-18,14645737
Lugano (TI),2022-02-19,9450019
Lugano (TI),2022-02-20,7338339
Lugano (TI),2022-02-21,12842094
Lugano (TI),2022-02-22,14845172
Lugano (TI),2022-02-23,9092976
Lugano (TI),2022-02-24,14689226
Lugano (TI),2022-02-25,14023612
Lugano (TI),2022-02-26,8981915
Lugano (TI),2022-02-27,5548127
Lugano (TI),2022-02-28,11542804
Zürich (ZH),2020-10-01,1406916
Zürich (ZH),2020-10-02,1505117
Zürich (ZH),2020-10-03,1581511
Zürich (ZH),2020-10-04,392322
Zürich (ZH),2020-10-05,1246591
Zürich (ZH),2020-10-06,1588983
Zürich (ZH),2020-10-07,1853645
Zürich (ZH),2020-10-08,2588481
Zürich (ZH),2020-10-09,3075586
Zürich (ZH),2020-10-10,2099736
Zürich (ZH),2020-10-11,1092320
Zürich (ZH),2020-10-12,2278285
Zürich (ZH),2020-10-13,3438172
Zürich (ZH),2020-10-14,4415576
Zürich (ZH),2020-10-15,3964332
Zürich (ZH),2020-10-16,4874520
Zürich (ZH),2020-10-17,3879519
Zürich (ZH),2020-10-18,1338942
Zürich (ZH),2020-10-19,5161842
Zürich (ZH),2020-10-20,5718422
Zürich (ZH),2020-10-21,7182671
Zürich (ZH),2020-10-22,6325475
Zürich (ZH),2020-10-23,6851788
Zürich (ZH),2020-10-24,8196160
Zürich (ZH),2020-10-25,2885914
Zürich (ZH),2020-10-26,7222027
Zürich (ZH),2020-10-27,8623805
Zürich (ZH),2020-10-28,10518699
Zürich (ZH),2020-10-29,8224223
Zürich (ZH),2020-10-30,7301749
Zürich (ZH),2020-10-31,5426682
Zürich (ZH),2020-11-01,2517589
Zürich (ZH),2020-11-02,6179034
Zürich (ZH),2020-11-03,7707377
Zürich (ZH),2020-11-04,8255079
Zürich (ZH),2020-11-05,6617309
Zürich (ZH),2020-11-06,6149604
Zürich (ZH),2020-11-07,4041198
Zürich (ZH),2020-11-08,2587429
Zürich (ZH),2020-11-09,5344342
Zürich (ZH),2020-11-10,6846705
Zürich (ZH),2020-11-11,5752932
Zürich (ZH),2020-11-12,4598852
Zürich (ZH),2020-11-13,5378509
Zürich (ZH),2020-11-14,2522950
Zürich (ZH),2020-11-15,1918375
Zürich (ZH),2020-11-16,4760187
Zürich (ZH),2020-11-17,5943476
Zürich (ZH),2020-11-18,5234867
Zürich (ZH),2020-11-19,4097583
Zürich (ZH),2020-11-20,3635199
Zürich (ZH),2020-11-21,3256908
Zürich (ZH),2020-11-22,1796189
Zürich (ZH),2020-11-23,4857868
Zürich (ZH),2020-11-24,4647622
Zürich (ZH),2020-11-25,4999766
Zürich (ZH),2020-11-26,4299283
Zürich (ZH),2020-11-27,4710847
Zürich (ZH),2020-11-28,3125113
Zürich (ZH),2020-11-29,2371084
Zürich (ZH),2020-11-30,5836210
Zürich (ZH),2020-12-01,4173429
Zürich (ZH),2020-12-02,5533537
Zürich (ZH),2020-12-03,4525683
Zürich (ZH),2020-12-04,5070746
Zürich (ZH),2020-12-05,3172716
Zürich (ZH),2020-12-06,2734135
Zürich (ZH),2020-12-07,5698339
Zürich (ZH),2020-12-08,5518930
Zürich (ZH),2020-12-09,4736092
Zürich (ZH),2020-12-10,5674165
Zürich (ZH),2020-12-11,5122937
Zürich (ZH),2020-12-12,2932089
Zürich (ZH),2020-12-13,2569698
Zürich (ZH),2020-12-14,5428386
Zürich (ZH),2020-12-15,5934847
Zürich (ZH),2020-12-16,6133307
Zürich (ZH),2020-12-17,5047349
Zürich (ZH),2020-12-18,5575536
Zürich (ZH),2020-12-19,3769569
Zürich (ZH),2020-12-20,3023312
Zürich (ZH),2020-12-21,6028256
Zürich (ZH),2020-12-22,5478905
Zürich (ZH),2020-12-23,4969616
Zürich (ZH),2020-12-24,4138321
Zürich (ZH),2020-12-25,2674107
Zürich (ZH),2020-12-26,2722108
Zürich (ZH),2020-12-27,3183380
Zürich (ZH),2020-12-28,4925798
Zürich (ZH),2020-12-29,5396762
Zürich (ZH),2020-12-30,5389436
Zürich (ZH),2020-12-31,4142523
Zürich (ZH),2021-01-01,2531046
Zürich (ZH),2021-01-02,2974096
Zürich (ZH),2021-01-03,3116033
Zürich (ZH),2021-01-04,5562899
Zürich (ZH),2021-01-05,4345940
Zürich (ZH),2021-01-06,3577610
Zürich (ZH),2021-01-07,2970415
Zürich (ZH),2021-01-08,3204305
Zürich (ZH),2021-01-09,1980549
Zürich (ZH),2021-01-10,1735973
Zürich (ZH),2021-01-11,3400048
Zürich (ZH),2021-01-12,2438918
Zürich (ZH),2021-01-13,2204369
Zürich (ZH),2021-01-14,1891310
Zürich (ZH),2021-01-15,2075696
Zürich (ZH),2021-01-16,1596102
Zürich (ZH),2021-01-17,1185384
Zürich (ZH),2021-01-18,2831457
Zürich (ZH),2021-01-19,1839871
Zürich (ZH),2021-01-20,1831973
Zürich (ZH),2021-01-21,2261839
Zürich (ZH),2021-01-22,1810516
Zürich (ZH),2021-01-23,1200707
Zürich (ZH),2021-01-24,727576
Zürich (ZH),2021-01-25,2141271
Zürich (ZH),2021-01-26,1713428
Zürich (ZH),2021-01-27,2214854
Zürich (ZH),2021-01-28,1615073
Zürich (ZH),2021-01-29,1704227
Zürich (ZH),2021-01-30,908715
Zürich (ZH),2021-01-31,594788
Zürich (ZH),2021-02-01,1724437
Zürich (ZH),2021-02-02,1633182
Zürich (ZH),2021-02-03,1281516
Zürich (ZH),2021-02-04,1412001
Zürich (ZH),2021-02-05,1069337
Zürich (ZH),2021-02-06,773701
Zürich (ZH),2021-02-07,653173
Zürich (ZH),2021-02-08,1446717
Zürich (ZH),2021-02-09,1090381
Zürich (ZH),2021-02-10,1453921
Zürich (ZH),2021-02-11,999415
Zürich (ZH),2021-02-12,1066438
Zürich (ZH),2021-02-13,662121
Zürich (ZH),2021-02-14,670969
Zürich (ZH),2021-02-15,1094583
Zürich (ZH),2021-02-16,995050
Zürich (ZH),2021-02-17,1402764
Zürich (ZH),2021-02-18,1219901
Zürich (ZH),2021-02-19,936867
Zürich (ZH),2021-02-20,862551
Zürich (ZH),2021-02-21,402280
Zürich (ZH),2021-02-22,1086827
Zürich (ZH),2021-02-23,1112149
Zürich (ZH),2021-02-24,770518
Zürich (ZH),2021-02-25,921022
Zürich (ZH),2021-02-26,1016046
Zürich (ZH),2021-02-27,448778
Zürich (ZH),2021-02-28,397293
Zürich (ZH),2021-03-01,951414
Zürich (ZH),2021-03-02,1041476
Zürich (ZH),2021-03-03,1332582
Zürich (ZH),2021-03-04,983050
Zürich (ZH),2021-03-05,1100313
Zürich (ZH),2021-03-06,592020
Zürich (ZH),2021-03-07,374201
Zürich (ZH),2021-03-08,1269608
Zürich (ZH),2021-03-09,1193424
Zürich (ZH),2021-03-10,1255147
Zürich (ZH),2021-03-11,1331930
Zürich (ZH),2021-03-12,1247649
Zürich (ZH),2021-03-13,1087540
Zürich (ZH),2021-03-14,636242
Zürich (ZH),2021-03-15,1964796
Zürich (ZH),2021-03-16,1637912
Zürich (ZH),2021-03-17,2145370
Zürich (ZH),2021-03-18,1631515
Zürich (ZH),2021-03-19,1597126
Zürich (ZH),2021-03-20,1587398
Zürich (ZH),2021-03-21,964566
Zürich (ZH),2021-03-22,2479707
Zürich (ZH),2021-03-23,2170607
Zürich (ZH),2021-03-24,2043640
Zürich (ZH),2021-03-25,2180932
Zürich (ZH),2021-03-26,2412617
Zürich (ZH),2021-03-27,1226310
Zürich (ZH),2021-03-28,1101099
Zürich (ZH),2021-03-29,2642827
Zürich (ZH),2021-03-30,2047236
Zürich (ZH),2021-03-31,2232296
Zürich (ZH),2021-04-01,2418677
Zürich (ZH),2021-04-02,1700565
Zürich (ZH),2021-04-03,1344576
Zürich (ZH),2021-04-04,1196019
Zürich (ZH),2021-04-05,1757648
Zürich (ZH),2021-04-06,3117259
Zürich (ZH),2021-04-07,2780572
Zürich (ZH),2021-04-08,2775912
Zürich (ZH),2021-04-09,3499497
Zürich (ZH),2021-04-10,2510803
Zürich (ZH),2021-04-11,1683001
Zürich (ZH),2021-04-12,2663029
Zürich (ZH),2021-04-13,2910285
Zürich (ZH),2021-04-14,1536476
Zürich (ZH),2021-04-15,2774860
Zürich (ZH),2021-04-16,2057861
Zürich (ZH),2021-04-17,1913237
Zürich (ZH),2021-04-18,1193724
Zürich (ZH),2021-04-19,2555167
Zürich (ZH),2021-04-20,3101536
Zürich (ZH),2021-04-21,1395841
Zürich (ZH),2021-04-22,2043190
Zürich (ZH),2021-04-23,1857201
Zürich (ZH),2021-04-24,1762608
Zürich (ZH),2021-04-25,1399250
Zürich (ZH),2021-04-26,2709407
Zürich (ZH),2021-04-27,1652161
Zürich (ZH),2021-04-28,1210997
Zürich (ZH),2021-04-29,1461430
Zürich (ZH),2021-04-30,1078280
Zürich (ZH),2021-05-01,1343186
Zürich (ZH),2021-05-02,964832
Zürich (ZH),2021-05-03,1341788
Zürich (ZH),2021-05-04,897899
Zürich (ZH),2021-05-05,1397051
Zürich (ZH),2021-05-06,1260551
Zürich (ZH),2021-05-07,1112952
Zürich (ZH),2021-05-08,776949
Zürich (ZH),2021-05-09,658398
Zürich (ZH),2021-05-10,1195078
Zürich (ZH),2021-05-11,1172167
Zürich (ZH),2021-05-12,1110986
Zürich (ZH),2021-05-13,300044
Zürich (ZH),2021-05-14,900424
Zürich (ZH),2021-05-15,718389
Zürich (ZH),2021-05-16,479884
Zürich (ZH),2021-05-17,1430503
Zürich (ZH),2021-05-18,1034638
Zürich (ZH),2021-05-19,752515
Zürich (ZH),2021-05-20,758985
Zürich (ZH),2021-05-21,692513
Zürich (ZH),2021-05-22,486936
Zürich (ZH),2021-05-23,317813
Zürich (ZH),2021-05-24,458997
Zürich (ZH),2021-05-25,663910
Zürich (ZH),2021-05-26,596681
Zürich (ZH),2021-05-27,623783
Zürich (ZH),2021-05-28,647417
Zürich (ZH),2021-05-29,280545
Zürich (ZH),2021-05-30,338961
Zürich (ZH),2021-05-31,370143
Zürich (ZH),2021-06-01,464675
Zürich (ZH),2021-06-02,310180
Zürich (ZH),2021-06-03,384360
Zürich (ZH),2021-06-04,294832
Zürich (ZH),2021-06-05,361977
Zürich (ZH),2021-06-06,108216
Zürich (ZH),2021-06-07,303442
Zürich (ZH),2021-06-08,198590
Zürich (ZH),2021-06-09,173208
Zürich (ZH),2021-06-10,83801
Zürich (ZH),2021-06-11,359741
Zürich (ZH),2021-06-12,233432
Zürich (ZH),2021-06-13,137798
Zürich (ZH),2021-06-14,82191
Zürich (ZH),2021-06-15,221625
Zürich (ZH),2021-06-16,46406
Zürich (ZH),2021-06-17,84610
Zürich (ZH),2021-06-18,271101
Zürich (ZH),2021-06-19,31076
Zürich (ZH),2021-06-20,42151
Zürich (ZH),2021-06-21,83988
Zürich (ZH),2021-06-22,63382
Zürich (ZH),2021-06-23,63694
Zürich (ZH),2021-06-24,157465
Zürich (ZH),2021-06-25,141648
Zürich (ZH),2021-06-26,21231
Zürich (ZH),2021-06-27,23926
Zürich (ZH),2021-06-28,76880
Zürich (ZH),2021-06-29,204222
Zürich (ZH),2021-06-30,106541
Zürich (ZH),2021-07-01,140112
Zürich (ZH),2021-07-02,173225
Zürich (ZH),2021-07-03,214406
Zürich (ZH),2021-07-04,55521
Zürich (ZH),2021-07-05,139981
Zürich (ZH),2021-07-06,411754
Zürich (ZH),2021-07-07,233718
Zürich (ZH),2021-07-08,544297
Zürich (ZH),2021-07-09,560317
Zürich (ZH),2021-07-10,369450
Zürich (ZH),2021-07-11,284101
Zürich (ZH),2021-07-12,682724
Zürich (ZH),2021-07-13,952396
Zürich (ZH),2021-07-14,606051
Zürich (ZH),2021-07-15,1465403
Zürich (ZH),2021-07-16,1471893
Zürich (ZH),2021-07-17,865350
Zürich (ZH),2021-07-18,450211
Zürich (ZH),2021-07-19,1042751
Zürich (ZH),2021-07-20,1346819
Zürich (ZH),2021-07-21,876734
Zürich (ZH),2021-07-22,653710
Zürich (ZH),2021-07-23,1126780
Zürich (ZH),2021-07-24,584670
Zürich (ZH),2021-07-25,491085
Zürich (ZH),2021-07-26,833882
Zürich (ZH),2021-07-27,893575
Zürich (ZH),2021-07-28,719837
Zürich (ZH),2021-07-29,1198608
Zürich (ZH),2021-07-30,846433
Zürich (ZH),2021-07-31,392934
Zürich (ZH),2021-08-01,607533
Zürich (ZH),2021-08-02,809248
Zürich (ZH),2021-08-03,656221
Zürich (ZH),2021-08-04,595969
Zürich (ZH),2021-08-05,968507
Zürich (ZH),2021-08-06,1028682
Zürich (ZH),2021-08-07,845873
Zürich (ZH),2021-08-08,696138
Zürich (ZH),2021-08-09,967099
Zürich (ZH),2021-08-10,1568645
Zürich (ZH),2021-08-11,985579
Zürich (ZH),2021-08-12,1944617
Zürich (ZH),2021-08-13,1757525
Zürich (ZH),2021-08-14,1593173
Zürich (ZH),2021-08-15,1337301
Zürich (ZH),2021-08-16,1385752
Zürich (ZH),2021-08-17,2091640
Zürich (ZH),2021-08-18,1475113
Zürich (ZH),2021-08-19,2329290
Zürich (ZH),2021-08-20,1950860
Zürich (ZH),2021-08-21,1893641
Zürich (ZH),2021-08-22,2164798
Zürich (ZH),2021-08-23,1903926
Zürich (ZH),2021-08-24,2600393
Zürich (ZH),2021-08-25,1445896
Zürich (ZH),2021-08-26,2375401
Zürich (ZH),2021-08-27,1896276
Zürich (ZH),2021-08-28,2274250
Zürich (ZH),2021-08-29,1309998
Zürich (ZH),2021-08-30,1888469
Zürich (ZH),2021-08-31,2765086
Zürich (ZH),2021-09-01,2704314
Zürich (ZH),2021-09-02,3147806
Zürich (ZH),2021-09-03,3080815
Zürich (ZH),2021-09-04,1608604
Zürich (ZH),2021-09-05,2109286
Zürich (ZH),2021-09-06,4252243
Zürich (ZH),2021-09-07,3398875
Zürich (ZH),2021-09-08,1894126
Zürich (ZH),2021-09-09,2877745
Zürich (ZH),2021-09-10,3025770
Zürich (ZH),2021-09-11,1947261
Zürich (ZH),2021-09-12,1236517
Zürich (ZH),2021-09-13,1286635
Zürich (ZH),2021-09-14,2293989
Zürich (ZH),2021-09-15,1271909
Zürich (ZH),2021-09-16,2773134
Zürich (ZH),2021-09-17,1513330
Zürich (ZH),2021-09-18,1511733
Zürich (ZH),2021-09-19,603709
Zürich (ZH),2021-09-20,1674644
Zürich (ZH),2021-09-21,1723091
Zürich (ZH),2021-09-22,534378
Zürich (ZH),2021-09-23,1562406
Zürich (ZH),2021-09-24,1123965
Zürich (ZH),2021-09-25,944353
Zürich (ZH),2021-09-26,759298
Zürich (ZH),2021-09-27,445404
Zürich (ZH),2021-09-28,1446433
Zürich (ZH),2021-09-29,814013
Zürich (ZH),2021-09-30,1980055
Zürich (ZH),2021-10-01,1333310
Zürich (ZH),2021-10-02,789142
Zürich (ZH),2021-10-03,688421
Zürich (ZH),2021-10-04,626635
Zürich (ZH),2021-10-05,1008330
Zürich (ZH),2021-10-06,742354
Zürich (ZH),2021-10-07,1296511
Zürich (ZH),2021-10-08,753262
Zürich (ZH),2021-10-09,463621
Zürich (ZH),2021-10-10,407826
Zürich (ZH),2021-10-11,497925
Zürich (ZH),2021-10-12,853254
Zürich (ZH),2021-10-13,546326
Zürich (ZH),2021-10-14,623155
Zürich (ZH),2021-10-15,624101
Zürich (ZH),2021-10-16,858269
Zürich (ZH),2021-10-17,538822
Zürich (ZH),2021-10-18,850708
Zürich (ZH),2021-10-19,844508
Zürich (ZH),2021-10-20,636539
Zürich (ZH),2021-10-21,854498
Zürich (ZH),2021-10-22,1166673
Zürich (ZH),2021-10-23,843154
Zürich (ZH),2021-10-24,721472
Zürich (ZH),2021-10-25,704439
Zürich (ZH),2021-10-26,1876191
Zürich (ZH),2021-10-27,517257
Zürich (ZH),2021-10-28,2021678
Zürich (ZH),2021-10-29,1348915
Zürich (ZH),2021-10-30,955545
Zürich (ZH),2021-10-31,747955
Zürich (ZH),2021-11-01,963496
Zürich (ZH),2021-11-02,1957636
Zürich (ZH),2021-11-03,1183612
Zürich (ZH),2021-11-04,2450868
Zürich (ZH),2021-11-05,1790771
Zürich (ZH),2021-11-06,1868189
Zürich (ZH),2021-11-07,1449337
Zürich (ZH),2021-11-08,1232618
Zürich (ZH),2021-11-09,2873333
Zürich (ZH),2021-11-10,1738650
Zürich (ZH),2021-11-11,3927936
Zürich (ZH),2021-11-12,3421572
Zürich (ZH),2021-11-13,2632206
Zürich (ZH),2021-11-14,2197588
Zürich (ZH),2021-11-15,5069303
Zürich (ZH),2021-11-16,4701872
Zürich (ZH),2021-11-17,2852268
Zürich (ZH),2021-11-18,5302674
Zürich (ZH),2021-11-19,5676272
Zürich (ZH),2021-11-20,3277830
Zürich (ZH),2021-11-21,2876702
Zürich (ZH),2021-11-22,2426483
Zürich (ZH),2021-11-23,5909910
Zürich (ZH),2021-11-24,3090999
Zürich (ZH),2021-11-25,8239007
Zürich (ZH),2021-11-26,7994776
Zürich (ZH),2021-11-27,5257972
Zürich (ZH),2021-11-28,3908668
Zürich (ZH),2021-11-29,8314563
Zürich (ZH),2021-11-30,7586299
Zürich (ZH),2021-12-01,3660635
Zürich (ZH),2021-12-02,9971557
Zürich (ZH),2021-12-03,8321677
Zürich (ZH),2021-12-04,5547259
Zürich (ZH),2021-12-05,4241839
Zürich (ZH),2021-12-06,3500438
Zürich (ZH),2021-12-07,8171174
Zürich (ZH),2021-12-08,5021674
Zürich (ZH),2021-12-09,9514460
Zürich (ZH),2021-12-10,8829096
Zürich (ZH),2021-12-11,5979312
Zürich (ZH),2021-12-12,4180278
Zürich (ZH),2021-12-13,3570422
Zürich (ZH),2021-12-14,9297376
Zürich (ZH),2021-12-15,4189100
Zürich (ZH),2021-12-16,9577201
Zürich (ZH),2021-12-17,8381598
Zürich (ZH),2021-12-18,6944509
Zürich (ZH),2021-12-19,4924903
Zürich (ZH),2021-12-20,6196960
Zürich (ZH),2021-12-21,13666327
Zürich (ZH),2021-12-22,7415842
Zürich (ZH),2021-12-23,14369914
Zürich (ZH),2021-12-24,10402919
Zürich (ZH),2021-12-25,8653479
Zürich (ZH),2021-12-26,7963148
Zürich (ZH),2021-12-27,9007392
Zürich (ZH),2021-12-28,15766687
Zürich (ZH),2021-12-29,7883800
Zürich (ZH),2021-12-30,17278017
Zürich (ZH),2021-12-31,13457804
Zürich (ZH),2022-01-01,9643796
Zürich (ZH),2022-01-02,12721209
Zürich (ZH),2022-01-03,12841531
Zürich (ZH),2022-01-04,31800849
Zürich (ZH),2022-01-05,14952043
Zürich (ZH),2022-01-06,28998917
Zürich (ZH),2022-01-07,23982665
Zürich (ZH),2022-01-08,17840525
Zürich (ZH),2022-01-09,12302567
Zürich (ZH),2022-01-10,14452488
Zürich (ZH),2022-01-11,26285690
Zürich (ZH),2022-01-12,14871122
Zürich (ZH),2022-01-13,31588421
Zürich (ZH),2022-01-14,28245858
Zürich (ZH),2022-01-15,19771810
Zürich (ZH),2022-01-16,14787111
Zürich (ZH),2022-01-17,16126206
Zürich (ZH),2022-01-18,35411775
Zürich (ZH),2022-01-19,22720676
Zürich (ZH),2022-01-20,38224262
Zürich (ZH),2022-01-21,35942642
Zürich (ZH),2022-01-22,24835302
Zürich (ZH),2022-01-23,17258093
Zürich (ZH),2022-01-24,18754616
Zürich (ZH),2022-01-25,36599898
Zürich (ZH),2022-01-26,25532763
Zürich (ZH),2022-01-27,38959504
Zürich (ZH),2022-01-28,32890228
Zürich (ZH),2022-01-29,23752269
Zürich (ZH),2022-01-30,18242503
Zürich (ZH),2022-01-31,18266491
Zürich (ZH),2022-02-01,33087870
Zürich (ZH),2022-02-02,17189312
Zürich (ZH),2022-02-03,29325644
Zürich (ZH),2022-02-04,23688621
Zürich (ZH),2022-02-05,17559903
Zürich (ZH),2022-02-06,13560211
Zürich (ZH),2022-02-07,13768425
Zürich (ZH),2022-02-08,23053475
Zürich (ZH),2022-02-09,14590052
Zürich (ZH),2022-02-10,21530535
Zürich (ZH),2022-02-11,17583363
Zürich (ZH),2022-02-12,13418768
Zürich (ZH),2022-02-13,9810638
Zürich (ZH),2022-02-14,10989436
Zürich (ZH),2022-02-15,18913147
Zürich (ZH),2022-02-16,11196555
Zürich (ZH),2022-02-17,14630799
Zürich (ZH),2022-02-18,12754853
Zürich (ZH),2022-02-19,10562308
Zürich (ZH),2022-02-20,8894314
Zürich (ZH),2022-02-21,10731665
Zürich (ZH),2022-02-22,16581734
Zürich (ZH),2022-02-23,11889237
Zürich (ZH),2022-02-24,14947234
Zürich (ZH),2022-02-25,14747901
Zürich (ZH),2022-02-26,11375785
Zürich (ZH),2022-02-27,11213404
Zürich (ZH),2022-02-28,12673862
Zürich (ZH),2022-03-01,0
