city,date,rna,flow,rna_v,variant,proportion,include
Altenrhein (SG),2021-11-10,9290499747665.52,20655.8832244873,v2,B.1.617.2 (Delta),0.987858276944441,TRUE
Altenrhein (SG),2021-11-11,11121609984139.938,19245.88310241699,v2,B.1.617.2 (Delta),0.9891819783489988,TRUE
Altenrhein (SG),2021-11-12,10980674913710.412,18285.78321838379,v2,B.1.617.2 (Delta),0.9904293012996228,TRUE
Altenrhein (SG),2021-11-13,16431808665678.803,29903.08366394043,v2,B.1.617.2 (Delta),0.9915273714454113,TRUE
Altenrhein (SG),2021-11-14,14656113993022.271,20342.0824432373,v2,B.1.617.2 (Delta),0.9923900813857038,TRUE
Altenrhein (SG),2021-11-15,16949102731340.23,19040.98085021973,v2,B.1.617.2 (Delta),0.9929891410668564,TRUE
Altenrhein (SG),2021-11-16,11777770851899.562,16953.77972412109,v2,B.1.617.2 (Delta),0.9933597067334956,TRUE
Altenrhein (SG),2021-11-17,14191037500991.82,17880.87979125977,v2,B.1.617.2 (Delta),0.9935553145349634,TRUE
Altenrhein (SG),2021-11-18,17744944356170.344,15443.38006591797,v2,B.1.617.2 (Delta),0.9935943839277496,TRUE
Altenrhein (SG),2021-11-19,18028937361755.668,15517.37969970703,v2,B.1.617.2 (Delta),0.9934562215544444,TRUE
Altenrhein (SG),2021-11-20,17754607882215.38,14329.18046569824,v2,B.1.617.2 (Delta),0.9800726681190484,TRUE
Altenrhein (SG),2021-11-21,19775151839273.652,14256.98147583008,v2,B.1.617.2 (Delta),0.9822611384099724,TRUE
Altenrhein (SG),2021-11-22,16967548846394.58,15007.88377380371,v2,B.1.617.2 (Delta),0.9836236494176056,TRUE
Altenrhein (SG),2021-11-23,12266733411950.85,14534.78115844727,v2,B.1.617.2 (Delta),0.9844986845673966,TRUE
Altenrhein (SG),2021-11-24,21175770561048.047,14882.18161010742,v2,B.1.617.2 (Delta),0.9851685575895528,TRUE
Altenrhein (SG),2021-11-25,27366928418624.516,21210.78657531738,v2,B.1.617.2 (Delta),0.985878058029605,TRUE
Altenrhein (SG),2021-11-26,26432569033866.277,17910.2865447998,v2,B.1.617.2 (Delta),0.986796021944642,TRUE
Altenrhein (SG),2021-11-27,30189906923646.8,17916.0912322998,v2,B.1.617.2 (Delta),0.987977142718478,TRUE
Altenrhein (SG),2021-11-28,26498192910862.73,17683.39442443848,v2,B.1.617.2 (Delta),0.989360634559542,TRUE
Altenrhein (SG),2021-11-29,25523019981135.02,19904.59443664551,v2,B.1.617.2 (Delta),0.9907916981738464,TRUE
Altenrhein (SG),2021-11-30,20583107382824.652,27111,v2,B.1.617.2 (Delta),0.9920618002813568,TRUE
Altenrhein (SG),2021-12-01,14395477388364.74,16140,v2,B.1.617.2 (Delta),0.9930230365955506,TRUE
Altenrhein (SG),2021-12-02,10747551742549.957,16266,v2,B.1.617.2 (Delta),0.993610318877816,TRUE
Altenrhein (SG),2021-12-03,14223772481877.37,16249,v2,B.1.617.2 (Delta),0.9937795382643652,TRUE
Altenrhein (SG),2021-12-04,15396071368350.207,39894,v2,B.1.617.2 (Delta),0.9934724444787524,TRUE
Altenrhein (SG),2021-12-05,36427697251306.52,34294,v2,B.1.617.2 (Delta),0.9926168229687844,TRUE
Altenrhein (SG),2021-12-06,6171653211390.887,25272,v2,B.1.617.2 (Delta),0.9911730882952768,TRUE
Altenrhein (SG),2021-12-07,3558521449851.161,21109,v2,B.1.617.2 (Delta),0.9892057977951134,TRUE
Altenrhein (SG),2021-12-08,12975577200926.97,45108,v2,B.1.617.2 (Delta),0.9870493054466484,TRUE
Altenrhein (SG),2021-12-09,25442185052599.254,75870.79652404785,v2,B.1.617.2 (Delta),0.9854070256449016,TRUE
Altenrhein (SG),2021-12-10,31903968475562.887,56088.6834564209,v2,B.1.617.2 (Delta),0.9849475280806104,TRUE
Altenrhein (SG),2021-12-11,26651411680786.945,37597.98110961914,v2,B.1.617.2 (Delta),0.9857993430249612,TRUE
Altenrhein (SG),2021-12-12,18072588686092.598,29898.87893676758,v2,B.1.617.2 (Delta),0.9875561645966072,TRUE
Altenrhein (SG),2021-12-13,23714286583997.7,26278.48558044434,v2,B.1.617.2 (Delta),0.9895765493267908,TRUE
Altenrhein (SG),2021-12-14,22322825699925.64,24737.68748474121,v2,B.1.617.2 (Delta),0.9911373064737182,TRUE
Altenrhein (SG),2021-12-15,20720273664307.375,23009.68656921387,v2,B.1.617.2 (Delta),0.9915125870178896,TRUE
Altenrhein (SG),2021-12-16,22914351084855.56,21039.38600158691,v2,B.1.617.2 (Delta),0.9901634102615672,TRUE
Altenrhein (SG),2021-12-17,18546812192810.934,20013.08628845215,v2,B.1.617.2 (Delta),0.986817191614758,TRUE
Altenrhein (SG),2021-12-18,23703876564042.668,19628.18745422363,v2,B.1.617.2 (Delta),0.9814822443374568,TRUE
Altenrhein (SG),2021-12-19,23393175165450.32,17214.7882232666,v2,B.1.617.2 (Delta),0.9745136258457268,TRUE
Altenrhein (SG),2021-12-20,11834424487659.959,17177.39179992676,v2,B.1.617.2 (Delta),0.9664781740129876,TRUE
Altenrhein (SG),2021-12-21,20541503789702.94,16920.58662414551,v2,B.1.617.2 (Delta),0.957723347482424,TRUE
Altenrhein (SG),2021-12-22,16468942455836.504,16282.18556213379,v2,B.1.617.2 (Delta),0.9481735151074562,TRUE
Altenrhein (SG),2021-12-23,17983348945543.34,16432.39161682129,v2,B.1.617.2 (Delta),0.937224703764726,TRUE
Altenrhein (SG),2021-12-24,16212702134560.156,29020.79463195801,v2,B.1.617.2 (Delta),0.9231812391186818,TRUE
Altenrhein (SG),2021-12-25,13877078180017.621,46165.29148864746,v2,B.1.617.2 (Delta),0.903620898082279,TRUE
Altenrhein (SG),2021-12-26,19529063886248.617,53579.79518127441,v2,B.1.617.2 (Delta),0.8754123195300426,FALSE
Altenrhein (SG),2021-12-27,28126746750198.375,53585.78846740723,v2,B.1.617.2 (Delta),0.8326270674267582,FALSE
Altenrhein (SG),2021-12-28,16458572338357.594,31055.5850982666,v2,B.1.617.2 (Delta),0.7701874150039274,FALSE
Altenrhein (SG),2021-12-29,26867564782078.93,68660.28874206543,v2,B.1.617.2 (Delta),0.7001533722851796,FALSE
Altenrhein (SG),2021-12-30,24398903899618.91,50348.59169006348,v2,B.1.617.2 (Delta),0.6359315004471456,FALSE
Altenrhein (SG),2021-12-31,20274171409811.543,36667.88529968262,v2,B.1.617.2 (Delta),0.5829435121507813,FALSE
Altenrhein (SG),2022-01-01,20461212190065.54,29014.18397521973,v2,B.1.617.2 (Delta),0.5354441037209201,FALSE
Altenrhein (SG),2022-01-02,11803365829843.145,19844.19203186035,v2,BA.1 / BA.2 (Omicron),0.5095003646240925,FALSE
Altenrhein (SG),2022-01-03,13747362957824.326,20145.19654846191,v2,BA.1 / BA.2 (Omicron),0.5521384128770902,FALSE
Altenrhein (SG),2022-01-04,9153985110210.895,32480.79658508301,v2,BA.1 / BA.2 (Omicron),0.5945938221300984,FALSE
Altenrhein (SG),2022-01-05,14934854979628.334,55627.5962677002,v2,BA.1 / BA.2 (Omicron),0.6350972729720534,FALSE
Altenrhein (SG),2022-01-06,29636642874087.07,52878.59022521973,v2,BA.1 / BA.2 (Omicron),0.6687923195017881,FALSE
Altenrhein (SG),2022-01-07,18455508013944.86,27102.58863830566,v2,BA.1 / BA.2 (Omicron),0.693472275486777,FALSE
Altenrhein (SG),2022-01-08,19259329585089.08,22637.98835754395,v2,BA.1 / BA.2 (Omicron),0.7144702234435711,FALSE
Altenrhein (SG),2022-01-09,11986998668363.695,30053.69132995605,v2,BA.1 / BA.2 (Omicron),0.7309616715203054,FALSE
Altenrhein (SG),2022-01-10,8043924802287.836,33179.59162902832,v2,BA.1 / BA.2 (Omicron),0.7427372990212333,FALSE
Altenrhein (SG),2022-01-11,24724877123986.72,29209.8904876709,v2,BA.1 / BA.2 (Omicron),0.751213460234632,FALSE
Altenrhein (SG),2022-01-12,13392809423873.418,21811.78974914551,v2,BA.1 / BA.2 (Omicron),0.7596741937238095,FALSE
Altenrhein (SG),2022-01-13,12831505284840.781,19714.88896179199,v2,BA.1 / BA.2 (Omicron),0.772053037514433,FALSE
Altenrhein (SG),2022-01-14,15517118338833.166,19307.98866271973,v2,BA.1 / BA.2 (Omicron),0.7909836115027926,FALSE
Altenrhein (SG),2022-01-15,15201236601096.486,18299.3878326416,v2,BA.1 / BA.2 (Omicron),0.8150676951589094,FALSE
Altenrhein (SG),2022-01-16,15007277168445.459,17181.68852233887,v2,BA.1 / BA.2 (Omicron),0.8388804720301074,FALSE
Altenrhein (SG),2022-01-17,14362351488361.123,18176.59010314941,v2,BA.1 / BA.2 (Omicron),0.8580234961347653,FALSE
Altenrhein (SG),2022-01-18,23439692942742.7,18036.29496765137,v2,BA.1 / BA.2 (Omicron),0.8714592370437497,FALSE
Altenrhein (SG),2022-01-19,10264677757327.646,17669.69718933105,v2,BA.1 / BA.2 (Omicron),0.8809058397107824,FALSE
Altenrhein (SG),2022-01-20,11686847954217.99,18126.29875183105,v2,BA.1 / BA.2 (Omicron),0.8892819025896556,FALSE
Altenrhein (SG),2022-01-21,12595776857543.193,18247.49632263184,v2,BA.1 / BA.2 (Omicron),0.898111531659302,FALSE
Altenrhein (SG),2022-01-22,14194702710281.549,17166.29264831543,v2,BA.1 / BA.2 (Omicron),0.908985773123561,TRUE
Altenrhein (SG),2022-01-23,16999719341619.738,15516.99085998535,v2,BA.1 / BA.2 (Omicron),0.9221228796869629,TRUE
Altenrhein (SG),2022-01-24,17202203067272.11,16992.09056091309,v2,BA.1 / BA.2 (Omicron),0.9362144136537872,TRUE
Altenrhein (SG),2022-01-25,19198837574362.566,15959.19068908691,v2,BA.1 / BA.2 (Omicron),0.9493232705416206,TRUE
Altenrhein (SG),2022-01-26,11885255011957.318,16043.09300231934,v2,BA.1 / BA.2 (Omicron),0.9601688366010829,TRUE
Altenrhein (SG),2022-01-27,13671352548330.42,17432.69303894043,v2,BA.1 / BA.2 (Omicron),0.9686367027487774,TRUE
Altenrhein (SG),2022-01-28,15803453310590.562,21974.69309997559,v2,BA.1 / BA.2 (Omicron),0.9750518798435757,TRUE
Altenrhein (SG),2022-01-29,26012682410983.082,22239.89183044434,v2,BA.1 / BA.2 (Omicron),0.9794331581864394,TRUE
Altenrhein (SG),2022-01-30,16039717558926.643,16578.99183654785,v2,BA.1 / BA.2 (Omicron),0.981733120208095,TRUE
Altenrhein (SG),2022-01-31,24828158793072.586,18245.09257507324,v2,BA.1 / BA.2 (Omicron),0.9821500189174183,TRUE
Altenrhein (SG),2022-02-01,28034798970649.902,18090.79188537598,v2,BA.1 / BA.2 (Omicron),0.9814484366077776,TRUE
Altenrhein (SG),2022-02-02,15477308592640.785,29106.49211120605,v2,BA.1 / BA.2 (Omicron),0.9806469695781523,TRUE
Altenrhein (SG),2022-02-03,23127079017307.46,29094.89152526855,v2,BA.1 / BA.2 (Omicron),0.9804459371987846,TRUE
Altenrhein (SG),2022-02-04,13165690762720.287,19499.09349060059,v2,BA.1 / BA.2 (Omicron),0.9810896260527816,TRUE
Altenrhein (SG),2022-02-05,13002076353263.05,21133.29234313965,v2,BA.1 / BA.2 (Omicron),0.9824102570480243,TRUE
Altenrhein (SG),2022-02-06,12926246101028.232,23561.29051208496,v2,BA.1 / BA.2 (Omicron),0.983884010726995,TRUE
Altenrhein (SG),2022-02-07,18072293001598.89,28543.49589538574,v2,BA.1 / BA.2 (Omicron),0.9847321655201521,TRUE
Altenrhein (SG),2022-02-08,25816346895685.246,28441.39002990723,v2,BA.1 / BA.2 (Omicron),0.9842459897130031,TRUE
Altenrhein (SG),2022-02-09,12213279439584.256,17946.08854675293,v2,BA.1 / BA.2 (Omicron),0.9823861582402449,TRUE
Altenrhein (SG),2022-02-10,18886531742996.21,19692.99256896973,v2,BA.1 / BA.2 (Omicron),0.9800154120988869,TRUE
Altenrhein (SG),2022-02-11,19064488120560.164,58550.6971282959,v2,BA.1 / BA.2 (Omicron),0.9782971704945331,TRUE
Altenrhein (SG),2022-02-12,7442782291856.454,20440.89195251465,v2,BA.1 / BA.2 (Omicron),0.9781336050662712,TRUE
Altenrhein (SG),2022-02-13,15330650353051.543,18471.19032287598,v2,BA.1 / BA.2 (Omicron),0.9797099825103384,TRUE
Altenrhein (SG),2022-02-14,35721446625873.336,19987.18928527832,v2,BA.1 / BA.2 (Omicron),0.9815422708719765,TRUE
Altenrhein (SG),2022-02-15,26255729366122.383,21817.38954162598,v2,BA.1 / BA.2 (Omicron),0.982167947251591,TRUE
Altenrhein (SG),2022-02-16,29253212348584.8,19352.88902282715,v2,BA.1 / BA.2 (Omicron),0.9820624345879407,TRUE
Altenrhein (SG),2022-02-17,24356792063667.004,23546.09111022949,v2,BA.1 / BA.2 (Omicron),0.9819024989207918,TRUE
Altenrhein (SG),2022-02-18,24746401706666.98,32533.19557189941,v2,BA.1 / BA.2 (Omicron),0.9817523248441857,TRUE
Altenrhein (SG),2022-02-19,26898991416723.58,28890.39259338379,v2,BA.1 / BA.2 (Omicron),0.9814903436795418,TRUE
Altenrhein (SG),2022-02-20,27516343281665.63,19317.4900970459,v2,BA.1 / BA.2 (Omicron),0.981182206209901,TRUE
Altenrhein (SG),2022-02-21,19676370912022.348,26770.69035339355,v2,BA.1 / BA.2 (Omicron),0.9812627734357341,TRUE
Altenrhein (SG),2022-02-22,27371222143692.434,18459.48820495605,v2,BA.1 / BA.2 (Omicron),0.9822628512705593,TRUE
Chur (GR),2021-11-10,7421812076011.509,11813,v2,B.1.617.2 (Delta),0.9886188826699576,TRUE
Chur (GR),2021-11-11,7229333652865.9375,12174,v2,B.1.617.2 (Delta),0.9883123113989156,TRUE
Chur (GR),2021-11-12,12740938438944.924,10963,v2,B.1.617.2 (Delta),0.9883373814127226,TRUE
Chur (GR),2021-11-13,18986315051311.89,39649,v2,B.1.617.2 (Delta),0.9885851286247004,TRUE
Chur (GR),2021-11-14,11157453043054.283,34929,v2,B.1.617.2 (Delta),0.9888485961990252,TRUE
Chur (GR),2021-11-15,11658319140553.043,14062,v2,B.1.617.2 (Delta),0.9890102421504268,TRUE
Chur (GR),2021-11-16,10662280744297.055,12538,v2,B.1.617.2 (Delta),0.9891367109764224,TRUE
Chur (GR),2021-11-17,5979499902580.358,10547,v2,B.1.617.2 (Delta),0.9893864983652432,TRUE
Chur (GR),2021-11-18,10976986693756.666,11313,v2,B.1.617.2 (Delta),0.989846641342028,TRUE
Chur (GR),2021-11-19,11828178309678.133,11614,v2,B.1.617.2 (Delta),0.9904472789715466,TRUE
Chur (GR),2021-11-20,13794315735147.127,11068,v2,B.1.617.2 (Delta),0.991753368569405,TRUE
Chur (GR),2021-11-21,13527946815370.908,10104,v2,B.1.617.2 (Delta),0.9920712881429716,TRUE
Chur (GR),2021-11-22,14593874237502.822,12326,v2,B.1.617.2 (Delta),0.9919994785451508,TRUE
Chur (GR),2021-11-23,11723080011292.178,10262,v2,B.1.617.2 (Delta),0.9914958849914596,TRUE
Chur (GR),2021-11-24,14497395637682.092,10755,v2,B.1.617.2 (Delta),0.9905483627991596,TRUE
Chur (GR),2021-11-25,16964428826215.111,9897,v2,B.1.617.2 (Delta),0.9893176432056155,TRUE
Chur (GR),2021-11-26,23369233791371.125,11746,v2,B.1.617.2 (Delta),0.9882548062624336,TRUE
Chur (GR),2021-11-27,22974952336905.473,10238,v2,B.1.617.2 (Delta),0.987933495009863,TRUE
Chur (GR),2021-11-28,17856997064152.203,11751,v2,B.1.617.2 (Delta),0.9886209309910874,TRUE
Chur (GR),2021-11-29,23669997727787.71,13621,v2,B.1.617.2 (Delta),0.9900718382935813,TRUE
Chur (GR),2021-11-30,18243063978692.914,12957,v2,B.1.617.2 (Delta),0.9917355353325203,TRUE
Chur (GR),2021-12-01,14020931547130.242,18984,v2,B.1.617.2 (Delta),0.9931341705834196,TRUE
Chur (GR),2021-12-02,18336231086465.508,16785,v2,B.1.617.2 (Delta),0.9940470580486752,TRUE
Chur (GR),2021-12-03,13590176618229.1,10547,v2,B.1.617.2 (Delta),0.9944686728773564,TRUE
Chur (GR),2021-12-04,20983285183613.01,13423,v2,B.1.617.2 (Delta),0.9945310286278246,TRUE
Chur (GR),2021-12-05,21656811264759.477,12672,v2,B.1.617.2 (Delta),0.994384165297876,TRUE
Chur (GR),2021-12-06,16596705910174.102,12672,v2,B.1.617.2 (Delta),0.9940894633255918,TRUE
Chur (GR),2021-12-07,30007963434185.324,14763,v2,B.1.617.2 (Delta),0.9935175165973276,TRUE
Chur (GR),2021-12-08,23312027407413.168,17299.5,v2,B.1.617.2 (Delta),0.9923945189733052,TRUE
Chur (GR),2021-12-09,16616091380641.014,19836,v2,B.1.617.2 (Delta),0.9905176830148028,TRUE
Chur (GR),2021-12-10,12091775365905.936,11580,v2,B.1.617.2 (Delta),0.9881868586928716,TRUE
Chur (GR),2021-12-11,9958297137737.361,14279,v2,B.1.617.2 (Delta),0.9860697922389938,TRUE
Chur (GR),2021-12-12,13056960834623,12191,v2,B.1.617.2 (Delta),0.984597754635051,TRUE
Chur (GR),2021-12-13,14466106735870.582,15388,v2,B.1.617.2 (Delta),0.9835775204456694,TRUE
Chur (GR),2021-12-14,13679447873378.234,12979,v2,B.1.617.2 (Delta),0.9819728397921648,TRUE
Chur (GR),2021-12-15,7863844287450.432,12392,v2,B.1.617.2 (Delta),0.9782197404764622,TRUE
Chur (GR),2021-12-16,4840139462108.017,11828,v2,B.1.617.2 (Delta),0.9702977712810268,TRUE
Chur (GR),2021-12-17,8838298776119.621,11831,v2,B.1.617.2 (Delta),0.9563477263166386,TRUE
Chur (GR),2021-12-18,6275422298666.805,10873,v2,B.1.617.2 (Delta),0.9360390916651072,TRUE
Chur (GR),2021-12-19,7767262465576.796,10979,v2,B.1.617.2 (Delta),0.9117292514696084,TRUE
Chur (GR),2021-12-20,7813200254639.751,11791,v2,B.1.617.2 (Delta),0.8867865892157933,FALSE
Chur (GR),2021-12-21,5719685274659.339,11358,v2,B.1.617.2 (Delta),0.8634786403060144,FALSE
Chur (GR),2021-12-22,4886829514015.911,11916,v2,B.1.617.2 (Delta),0.8410580887677479,FALSE
Chur (GR),2021-12-23,7181942578975.646,11585,v2,B.1.617.2 (Delta),0.8162200243206953,FALSE
Chur (GR),2021-12-24,8559019847346.405,10926,v2,B.1.617.2 (Delta),0.78456603134702,FALSE
Chur (GR),2021-12-25,10583594145317.426,10295,v2,B.1.617.2 (Delta),0.7426568238884182,FALSE
Chur (GR),2021-12-26,14802921205202.982,10603,v2,B.1.617.2 (Delta),0.6926742512654697,FALSE
Chur (GR),2021-12-27,15278699176484.861,25816.666666666664,v2,B.1.617.2 (Delta),0.6263912211546454,FALSE
Chur (GR),2021-12-28,15754477147766.74,41030.33333333333,v2,B.1.617.2 (Delta),0.5409406189081009,FALSE
Chur (GR),2021-12-29,16230255119048.62,56244,v2,BA.1 / BA.2 (Omicron),0.5489493432942555,FALSE
Chur (GR),2021-12-30,13489764479927.934,34904,v2,NA,NA,FALSE
Chur (GR),2021-12-31,10749273840807.248,13564,v2,BA.1 / BA.2 (Omicron),0.7087635435107156,FALSE
Chur (GR),2022-01-01,11627592294095.766,10811,v2,BA.1 / BA.2 (Omicron),0.7471827496908543,FALSE
Chur (GR),2022-01-02,11461001065040.414,10854,v2,BA.1 / BA.2 (Omicron),0.7764493086079322,FALSE
Chur (GR),2022-01-03,5262280981413.681,11640,v2,BA.1 / BA.2 (Omicron),0.8051257813693995,FALSE
Chur (GR),2022-01-04,8752533282037.5,11846,v2,BA.1 / BA.2 (Omicron),0.8345686539986049,FALSE
Chur (GR),2022-01-05,13169703182079.098,13055.5,v2,BA.1 / BA.2 (Omicron),0.8591224146446901,FALSE
Chur (GR),2022-01-06,17586873082120.693,14265,v2,BA.1 / BA.2 (Omicron),0.8733954936799575,FALSE
Chur (GR),2022-01-07,20772555569104.824,12360,v2,BA.1 / BA.2 (Omicron),0.878544381984599,FALSE
Chur (GR),2022-01-08,19161016394152.492,11231,v2,BA.1 / BA.2 (Omicron),0.8795856250269706,FALSE
Chur (GR),2022-01-09,15837805037354.36,12857,v2,BA.1 / BA.2 (Omicron),0.8799472258695181,FALSE
Chur (GR),2022-01-10,16648041152886.2,12687,v2,BA.1 / BA.2 (Omicron),0.8825142078388658,FALSE
Chur (GR),2022-01-11,15316415239829.824,12186,v2,BA.1 / BA.2 (Omicron),0.8887890765292998,FALSE
Chur (GR),2022-01-12,11157188744405.28,11642,v2,BA.1 / BA.2 (Omicron),0.8987339699748372,FALSE
Chur (GR),2022-01-13,9521302490998.19,11619,v2,BA.1 / BA.2 (Omicron),0.9104111082921756,TRUE
Chur (GR),2022-01-14,13319793033772.451,12047,v2,BA.1 / BA.2 (Omicron),0.9211941614105722,TRUE
Chur (GR),2022-01-15,11429366760545.54,11599,v2,BA.1 / BA.2 (Omicron),0.9296835036111039,TRUE
Chur (GR),2022-01-16,12910907106712.674,11336,v2,BA.1 / BA.2 (Omicron),0.9361532419242931,TRUE
Chur (GR),2022-01-17,19646127149180.266,11970,v2,BA.1 / BA.2 (Omicron),0.9416656470818937,TRUE
Chur (GR),2022-01-18,11715710937833.854,12167,v2,BA.1 / BA.2 (Omicron),0.9472569528352377,TRUE
Chur (GR),2022-01-19,13419109556736.398,12109.333333333334,v2,BA.1 / BA.2 (Omicron),0.9536114160609188,TRUE
Chur (GR),2022-01-20,15122508175638.945,12051.666666666666,v2,BA.1 / BA.2 (Omicron),0.9606487626321588,TRUE
Chur (GR),2022-01-21,16825906794541.49,11994,v2,BA.1 / BA.2 (Omicron),0.9672084971475139,TRUE
Chur (GR),2022-01-22,16905426817378.566,10756,v2,BA.1 / BA.2 (Omicron),0.971766895329007,TRUE
Chur (GR),2022-01-23,20458523707317.99,10880,v2,BA.1 / BA.2 (Omicron),0.9735767533779938,TRUE
Chur (GR),2022-01-24,19780067790813.848,11704,v2,BA.1 / BA.2 (Omicron),0.97296532140799,TRUE
Chur (GR),2022-01-25,16880397767627.004,11584,v2,BA.1 / BA.2 (Omicron),0.9709655503578475,TRUE
Chur (GR),2022-01-26,20406868358472.473,11497,v2,BA.1 / BA.2 (Omicron),0.968618099905552,TRUE
Chur (GR),2022-01-27,14879475869227.24,11517,v2,BA.1 / BA.2 (Omicron),0.966208908508495,TRUE
Chur (GR),2022-01-28,20539532577462.95,12254,v2,BA.1 / BA.2 (Omicron),0.9633390583919471,TRUE
Chur (GR),2022-01-29,15742390095060.135,11241,v2,BA.1 / BA.2 (Omicron),0.9598516046616566,TRUE
Chur (GR),2022-01-30,23593485326573.285,12661,v2,BA.1 / BA.2 (Omicron),0.9562756403678868,TRUE
Chur (GR),2022-01-31,12424462073914.477,16270,v2,BA.1 / BA.2 (Omicron),0.9537549514202303,TRUE
Chur (GR),2022-02-01,12482612954170.094,15302,v2,BA.1 / BA.2 (Omicron),0.9536270468836855,TRUE
Chur (GR),2022-02-02,19990388223960.582,49681,v2,BA.1 / BA.2 (Omicron),0.9564471892146503,TRUE
Chur (GR),2022-02-03,9308334583719.955,28422,v2,BA.1 / BA.2 (Omicron),0.9616316986560557,TRUE
Chur (GR),2022-02-04,17562309541738.227,17047,v2,BA.1 / BA.2 (Omicron),0.9679356744876927,TRUE
Chur (GR),2022-02-05,7720687234242.355,15933,v2,BA.1 / BA.2 (Omicron),0.9738994610130356,TRUE
Chur (GR),2022-02-06,11533767111415.998,13603,v2,BA.1 / BA.2 (Omicron),0.9781865001472647,TRUE
Chur (GR),2022-02-07,36021630484820.27,57462,v2,BA.1 / BA.2 (Omicron),0.9807386586558419,TRUE
Chur (GR),2022-02-08,5617548049826.484,15554,v2,BA.1 / BA.2 (Omicron),0.982139903558842,TRUE
Chur (GR),2022-02-09,11198548366354.197,13469,v2,BA.1 / BA.2 (Omicron),0.9830358109694726,TRUE
Chur (GR),2022-02-10,11761951763392.883,12374,v2,BA.1 / BA.2 (Omicron),0.9837892543599078,TRUE
Chur (GR),2022-02-11,10439332879910.549,13365,v2,BA.1 / BA.2 (Omicron),0.9847698569803407,TRUE
Chur (GR),2022-02-12,10192431904991.486,11763,v2,BA.1 / BA.2 (Omicron),0.9865271278801021,TRUE
Chur (GR),2022-02-13,16365098270154.416,11404,v2,BA.1 / BA.2 (Omicron),0.9891179917904247,TRUE
Chur (GR),2022-02-14,18804614055834.438,12418,v2,BA.1 / BA.2 (Omicron),0.9914441124989662,TRUE
Chur (GR),2022-02-15,26375226399084.24,18633,v2,BA.1 / BA.2 (Omicron),0.9922027426297041,TRUE
Chur (GR),2022-02-16,19342095350407.55,12361,v2,BA.1 / BA.2 (Omicron),0.9908725244403069,TRUE
Chur (GR),2022-02-17,14540616152966.434,14661,v2,BA.1 / BA.2 (Omicron),0.9882786021955454,TRUE
Chur (GR),2022-02-18,19542366303230.832,13006,v2,BA.1 / BA.2 (Omicron),0.9874005169378736,TRUE
Chur (GR),2022-02-19,15379034677410.412,13170,v2,BA.1 / BA.2 (Omicron),0.9890987493509915,TRUE
Chur (GR),2022-02-20,24080624265128.35,11480,v2,BA.1 / BA.2 (Omicron),0.9914361792365526,TRUE
Chur (GR),2022-02-21,17635581113119.3,17723,v2,BA.1 / BA.2 (Omicron),0.9929953146601511,TRUE
Chur (GR),2022-02-22,26397148516092.492,18726,v2,BA.1 / BA.2 (Omicron),0.9933508461761944,TRUE
Genève (GE),2021-11-10,3699226328907.5874,133841,v2,B.1.617.2 (Delta),0.9931590423628904,TRUE
Genève (GE),2021-11-11,3060878609215.3066,124919,v2,B.1.617.2 (Delta),0.9924265126402336,TRUE
Genève (GE),2021-11-12,4732707242195.024,120591,v2,B.1.617.2 (Delta),0.9914192063778624,TRUE
Genève (GE),2021-11-13,2234927362964.974,118131,v2,B.1.617.2 (Delta),0.9902616292769326,TRUE
Genève (GE),2021-11-14,4365893281522.2656,127342,v2,B.1.617.2 (Delta),0.9891974440797184,TRUE
Genève (GE),2021-11-15,2116342309983.5056,125060,v2,B.1.617.2 (Delta),0.9884596282353844,TRUE
Genève (GE),2021-11-16,5244143448717.903,126267,v2,B.1.617.2 (Delta),0.9880769506186134,TRUE
Genève (GE),2021-11-17,8392904483767.601,127393,v2,B.1.617.2 (Delta),0.987880692005244,TRUE
Genève (GE),2021-11-18,7484230772482.951,124981,v2,B.1.617.2 (Delta),0.987668165690616,TRUE
Genève (GE),2021-11-19,6990014022805.168,117740,v2,B.1.617.2 (Delta),0.9872977910097308,TRUE
Genève (GE),2021-11-20,7204759004906.226,117760,v2,B.1.617.2 (Delta),0.98652070423579,TRUE
Genève (GE),2021-11-21,10512637754648.422,123970,v2,B.1.617.2 (Delta),0.9865008473189548,TRUE
Genève (GE),2021-11-22,9789516410609.74,120353,v2,B.1.617.2 (Delta),0.9862496651714088,TRUE
Genève (GE),2021-11-23,10893438956731.018,120611,v2,B.1.617.2 (Delta),0.9860386416677168,TRUE
Genève (GE),2021-11-24,11512276246267.395,122100,v2,B.1.617.2 (Delta),0.9861781798224324,TRUE
Genève (GE),2021-11-25,9743680805831.273,118302,v2,B.1.617.2 (Delta),0.9868446698197126,TRUE
Genève (GE),2021-11-26,12623243317183.594,129022,v2,B.1.617.2 (Delta),0.9879193113154412,TRUE
Genève (GE),2021-11-27,13434782891799.914,129874,v2,B.1.617.2 (Delta),0.989041361243836,TRUE
Genève (GE),2021-11-28,9726663876361.715,122869,v2,B.1.617.2 (Delta),0.9898927428538368,TRUE
Genève (GE),2021-11-29,6536199929168.026,125396,v2,B.1.617.2 (Delta),0.9904144067083064,TRUE
Genève (GE),2021-11-30,12802972389765.791,124388,v2,B.1.617.2 (Delta),0.990739826902744,TRUE
Genève (GE),2021-12-01,11907212467804.604,162257,v2,B.1.617.2 (Delta),0.9910043492541016,TRUE
Genève (GE),2021-12-02,11315593720216.512,134181,v2,B.1.617.2 (Delta),0.9912501513218306,TRUE
Genève (GE),2021-12-03,11642208845094.914,247726,v2,B.1.617.2 (Delta),0.9914570829437308,TRUE
Genève (GE),2021-12-04,13239897484615.447,329423,v2,B.1.617.2 (Delta),0.9916073887771018,TRUE
Genève (GE),2021-12-05,12316789236433.393,163016,v2,B.1.617.2 (Delta),0.9916810846898096,TRUE
Genève (GE),2021-12-06,4378485386426.264,144143,v2,B.1.617.2 (Delta),0.9916105024833224,TRUE
Genève (GE),2021-12-07,6646179841941.468,187444,v2,B.1.617.2 (Delta),0.9912612340618076,TRUE
Genève (GE),2021-12-08,11660207529655.32,269848,v2,B.1.617.2 (Delta),0.9903900300154812,TRUE
Genève (GE),2021-12-09,11870759262104.531,174054,v2,B.1.617.2 (Delta),0.9886274203629108,TRUE
Genève (GE),2021-12-10,20082059444493.906,312069,v2,B.1.617.2 (Delta),0.9851350666408716,TRUE
Genève (GE),2021-12-11,18847321269019.83,262430,v2,NA,NA,FALSE
Genève (GE),2021-12-12,17612583093545.754,212791,v2,NA,NA,FALSE
Genève (GE),2021-12-13,16377844918071.676,163152,v2,B.1.617.2 (Delta),0.9538709713898144,TRUE
Genève (GE),2021-12-14,20536623553388.883,160760,v2,B.1.617.2 (Delta),0.9407286005494384,TRUE
Genève (GE),2021-12-15,15950526446291.607,160222,v2,B.1.617.2 (Delta),0.9263032003837004,TRUE
Genève (GE),2021-12-16,16328262338745.564,156077,v2,B.1.617.2 (Delta),0.9080493020790054,TRUE
Genève (GE),2021-12-17,16794819018523.807,152510,v2,B.1.617.2 (Delta),0.8816383880057056,FALSE
Genève (GE),2021-12-18,19059492396583.395,142603,v2,B.1.617.2 (Delta),0.8474279701333676,FALSE
Genève (GE),2021-12-19,22034811999908.746,141031,v2,B.1.617.2 (Delta),0.8092056499380109,FALSE
Genève (GE),2021-12-20,19431900427767.457,153844,v2,B.1.617.2 (Delta),0.7652444879151652,FALSE
Genève (GE),2021-12-21,20868913557187.055,151408,v2,B.1.617.2 (Delta),0.7105334232037012,FALSE
Genève (GE),2021-12-22,24861974906148.293,146422,v2,B.1.617.2 (Delta),0.64735674175138,FALSE
Genève (GE),2021-12-23,23221582638112.79,143238,v2,B.1.617.2 (Delta),0.5875316583896742,FALSE
Genève (GE),2021-12-24,23759527069115.01,140013,v2,B.1.617.2 (Delta),0.5385666472568108,FALSE
Genève (GE),2021-12-25,20698442957315.92,144590,v2,B.1.617.2 (Delta),0.4952309499859125,FALSE
Genève (GE),2021-12-26,23131771171821.836,139743,v2,BA.1 / BA.2 (Omicron),0.5546926194224235,FALSE
Genève (GE),2021-12-27,24307846386897.484,279874,v2,BA.1 / BA.2 (Omicron),0.6099169599244473,FALSE
Genève (GE),2021-12-28,28076311421313.33,328557,v2,BA.1 / BA.2 (Omicron),0.6580666901190818,FALSE
Genève (GE),2021-12-29,26808946285372.008,406580,v2,BA.1 / BA.2 (Omicron),0.6990421081921158,FALSE
Genève (GE),2021-12-30,17157703288570.281,197715,v2,BA.1 / BA.2 (Omicron),0.7314687426275468,FALSE
Genève (GE),2021-12-31,18400831933167.492,170617,v2,BA.1 / BA.2 (Omicron),0.7557782876310953,FALSE
Genève (GE),2022-01-01,15976487886389.477,145431,v2,BA.1 / BA.2 (Omicron),0.7744057388680693,FALSE
Genève (GE),2022-01-02,21282567247050.82,144222,v2,BA.1 / BA.2 (Omicron),0.7883865737868915,FALSE
Genève (GE),2022-01-03,20087280760205.13,157576,v2,BA.1 / BA.2 (Omicron),0.8011397584819293,FALSE
Genève (GE),2022-01-04,61309005279830,217154,v2,BA.1 / BA.2 (Omicron),0.8160725921745972,FALSE
Genève (GE),2022-01-05,40731123208412.58,181809.5,v2,NA,NA,FALSE
Genève (GE),2022-01-06,20153241136995.16,146465,v2,BA.1 / BA.2 (Omicron),0.8555947583830791,FALSE
Genève (GE),2022-01-07,14900506946629.346,154481,v2,BA.1 / BA.2 (Omicron),0.8743558556901633,FALSE
Genève (GE),2022-01-08,30951573885302.926,206998,v2,BA.1 / BA.2 (Omicron),0.8904080559691046,FALSE
Genève (GE),2022-01-09,29376869523833.08,188171,v2,BA.1 / BA.2 (Omicron),0.9035168784209889,TRUE
Genève (GE),2022-01-10,30383065376133.58,167187,v2,BA.1 / BA.2 (Omicron),0.9147750808862438,TRUE
Genève (GE),2022-01-11,30208595413618.844,154678,v2,BA.1 / BA.2 (Omicron),0.9248769043950571,TRUE
Genève (GE),2022-01-12,24274374934903.8,153030,v2,BA.1 / BA.2 (Omicron),0.9340401451870719,TRUE
Genève (GE),2022-01-13,32447331147709.34,150651,v2,BA.1 / BA.2 (Omicron),0.9423602671004718,TRUE
Genève (GE),2022-01-14,35987605196423.84,148376,v2,BA.1 / BA.2 (Omicron),0.950073080278449,TRUE
Genève (GE),2022-01-15,19422712700339.277,139547,v2,BA.1 / BA.2 (Omicron),0.9573626697921219,TRUE
Genève (GE),2022-01-16,35412128091477.875,145724,v2,BA.1 / BA.2 (Omicron),0.9640802592529087,TRUE
Genève (GE),2022-01-17,23156010708514.875,149257,v2,BA.1 / BA.2 (Omicron),0.9697852178638797,TRUE
Genève (GE),2022-01-18,25245615593814.516,144911,v2,BA.1 / BA.2 (Omicron),0.9740681706154789,TRUE
Genève (GE),2022-01-19,21532063982376.863,148565,v2,BA.1 / BA.2 (Omicron),0.976823241222208,TRUE
Genève (GE),2022-01-20,16903349865599.06,146030,v2,BA.1 / BA.2 (Omicron),0.9783438673694839,TRUE
Genève (GE),2022-01-21,21348315180014.875,140611,v2,BA.1 / BA.2 (Omicron),0.9791838162239375,TRUE
Genève (GE),2022-01-22,21552547532739.945,133741,v2,BA.1 / BA.2 (Omicron),0.9799089748229043,TRUE
Genève (GE),2022-01-23,18890254319568.625,139961,v2,BA.1 / BA.2 (Omicron),0.9809189533070116,TRUE
Genève (GE),2022-01-24,26741537860261.582,140806,v2,BA.1 / BA.2 (Omicron),0.982302333020663,TRUE
Genève (GE),2022-01-25,24485321153736.004,138076,v2,BA.1 / BA.2 (Omicron),0.9837754308203464,TRUE
Genève (GE),2022-01-26,26365820035735.695,139376,v2,BA.1 / BA.2 (Omicron),0.9850049363811411,TRUE
Genève (GE),2022-01-27,20295430767759.15,139837,v2,BA.1 / BA.2 (Omicron),0.9858280516896718,TRUE
Genève (GE),2022-01-28,20628508750130.785,135391,v2,BA.1 / BA.2 (Omicron),0.986389275177734,TRUE
Genève (GE),2022-01-29,17479688288168.654,129544,v2,BA.1 / BA.2 (Omicron),0.9869576082975017,TRUE
Genève (GE),2022-01-30,16158591619293.945,135842,v2,BA.1 / BA.2 (Omicron),0.9875986257241414,TRUE
Genève (GE),2022-01-31,22418228032572.09,145219,v2,BA.1 / BA.2 (Omicron),0.9881948378109788,TRUE
Genève (GE),2022-02-01,22933344284896.844,134825,v2,BA.1 / BA.2 (Omicron),0.988646806964011,TRUE
Genève (GE),2022-02-02,16466716777070.164,140293,v2,BA.1 / BA.2 (Omicron),0.9889586617299903,TRUE
Genève (GE),2022-02-03,13506668038129.828,133901,v2,BA.1 / BA.2 (Omicron),0.9891722671086495,TRUE
Genève (GE),2022-02-04,9308987358892.78,132015,v2,BA.1 / BA.2 (Omicron),0.9891584777200522,TRUE
Genève (GE),2022-02-05,10830463266701.938,127485,v2,BA.1 / BA.2 (Omicron),0.9885595654478916,TRUE
Genève (GE),2022-02-06,14091411577506.273,200079,v2,BA.1 / BA.2 (Omicron),0.9872188200147545,TRUE
Genève (GE),2022-02-07,6885913159620.991,153744,v2,BA.1 / BA.2 (Omicron),0.9853769923288468,TRUE
Genève (GE),2022-02-08,9194068172002.203,131996,v2,BA.1 / BA.2 (Omicron),0.9835775803264748,TRUE
Genève (GE),2022-02-09,7734999716357.85,134793,v2,BA.1 / BA.2 (Omicron),0.9825685006012648,TRUE
Genève (GE),2022-02-10,5865813032667.909,142232,v2,BA.1 / BA.2 (Omicron),0.9829885993192405,TRUE
Genève (GE),2022-02-11,6729989630982.788,148955,v2,BA.1 / BA.2 (Omicron),0.9851979890442831,TRUE
Genève (GE),2022-02-12,5385304444544.332,130494,v2,BA.1 / BA.2 (Omicron),0.9892238760418585,TRUE
Genève (GE),2022-02-13,4637204102041.061,127090,v2,BA.1 / BA.2 (Omicron),0.9938096601245431,TRUE
Genève (GE),2022-02-14,6500444435754.11,173850,v2,BA.1 / BA.2 (Omicron),0.9952968357975263,TRUE
Genève (GE),2022-02-15,5733037179212.71,137205,v2,BA.1 / BA.2 (Omicron),0.9923022488459188,TRUE
Genève (GE),2022-02-16,11240865467730.645,212945,v2,BA.1 / BA.2 (Omicron),0.9879410116057701,TRUE
Genève (GE),2022-02-17,12464558944211.264,162075,v2,BA.1 / BA.2 (Omicron),0.9843177981513367,TRUE
Genève (GE),2022-02-18,7336149562174.388,141821,v2,BA.1 / BA.2 (Omicron),0.9815659242918857,TRUE
Genève (GE),2022-02-19,8904834409217.31,134782,v2,BA.1 / BA.2 (Omicron),0.9793856781055361,TRUE
Genève (GE),2022-02-20,13459181539296.791,151846,v2,BA.1 / BA.2 (Omicron),0.9775755138902495,TRUE
Genève (GE),2022-02-21,9417474782497.494,193069,v2,BA.1 / BA.2 (Omicron),0.9760341688859181,TRUE
Genève (GE),2022-02-22,9439933481254.668,152866,v2,BA.1 / BA.2 (Omicron),0.9747868341862689,TRUE
Laupen (BE),2021-11-10,2381118312280.676,17702,v2,B.1.617.2 (Delta),0.9894296140076024,TRUE
Laupen (BE),2021-11-11,2386559176326.5986,17667,v2,B.1.617.2 (Delta),0.9897134883270986,TRUE
Laupen (BE),2021-11-12,3157199296418.67,17793,v2,B.1.617.2 (Delta),0.9899807421485348,TRUE
Laupen (BE),2021-11-13,3768223282022.494,18369,v2,B.1.617.2 (Delta),0.990308198343686,TRUE
Laupen (BE),2021-11-14,2899701891101.3174,17362,v2,B.1.617.2 (Delta),0.990695935006543,TRUE
Laupen (BE),2021-11-15,3039926612421.0874,17566,v2,B.1.617.2 (Delta),0.9911119206518422,TRUE
Laupen (BE),2021-11-16,4504041614544.896,17328,v2,B.1.617.2 (Delta),0.9915016823784604,TRUE
Laupen (BE),2021-11-17,6694119946120.117,17396,v2,B.1.617.2 (Delta),0.9918352339072708,TRUE
Laupen (BE),2021-11-18,5795122574688.518,17238,v2,B.1.617.2 (Delta),0.9920722054158984,TRUE
Laupen (BE),2021-11-19,7966473858339.854,17489,v2,B.1.617.2 (Delta),0.9921243348914464,TRUE
Laupen (BE),2021-11-20,7118846158366.667,17399,v2,B.1.617.2 (Delta),0.9802784096305632,TRUE
Laupen (BE),2021-11-21,7199595536697.336,17225,v2,B.1.617.2 (Delta),0.9836075619132886,TRUE
Laupen (BE),2021-11-22,5505818394856.206,18004,v2,B.1.617.2 (Delta),0.9857389436282074,TRUE
Laupen (BE),2021-11-23,12678014267610.701,17203,v2,B.1.617.2 (Delta),0.9869842413011344,TRUE
Laupen (BE),2021-11-24,5789500948989.549,17358,v2,B.1.617.2 (Delta),0.9876007924632962,TRUE
Laupen (BE),2021-11-25,6670818996051.829,17738,v2,B.1.617.2 (Delta),0.9878050596832798,TRUE
Laupen (BE),2021-11-26,7774337841795.639,19562,v2,B.1.617.2 (Delta),0.9878023511382504,TRUE
Laupen (BE),2021-11-27,6937494866998.337,17998,v2,B.1.617.2 (Delta),0.9878270417607382,TRUE
Laupen (BE),2021-11-28,13483276004309.463,18255,v2,B.1.617.2 (Delta),0.98809338487861,TRUE
Laupen (BE),2021-11-29,7908126159997.417,18547,v2,B.1.617.2 (Delta),0.9886607076996864,TRUE
Laupen (BE),2021-11-30,7771146505882.308,17686,v2,B.1.617.2 (Delta),0.9893999472670344,TRUE
Laupen (BE),2021-12-01,5520133504283.686,27959,v2,B.1.617.2 (Delta),0.9900329089586546,TRUE
Laupen (BE),2021-12-02,5780494359810.271,25070,v2,B.1.617.2 (Delta),0.99032571166394,TRUE
Laupen (BE),2021-12-03,9393563391728.88,24491,v2,B.1.617.2 (Delta),0.9900577352312568,TRUE
Laupen (BE),2021-12-04,9291106059728.309,53487,v2,B.1.617.2 (Delta),0.989084527158758,TRUE
Laupen (BE),2021-12-05,10539489640610.924,24243,v2,B.1.617.2 (Delta),0.9873770786971168,TRUE
Laupen (BE),2021-12-06,5552449939252.986,21617,v2,B.1.617.2 (Delta),0.9848259994047704,TRUE
Laupen (BE),2021-12-07,10316935872999.873,26911,v2,B.1.617.2 (Delta),0.98105197877097,TRUE
Laupen (BE),2021-12-08,3898594987070.9873,45668,v2,B.1.617.2 (Delta),0.9754863197340056,TRUE
Laupen (BE),2021-12-09,6278887715801.231,28250,v2,B.1.617.2 (Delta),0.9677012517761914,TRUE
Laupen (BE),2021-12-10,6425572033285.26,31340,v2,B.1.617.2 (Delta),0.9579150527222392,TRUE
Laupen (BE),2021-12-11,7653745016202.524,23720,v2,B.1.617.2 (Delta),0.9471729755106106,TRUE
Laupen (BE),2021-12-12,10997551708697.025,19904,v2,B.1.617.2 (Delta),0.9365659882156866,TRUE
Laupen (BE),2021-12-13,6060266054781.006,20310,v2,B.1.617.2 (Delta),0.9260586572050356,TRUE
Laupen (BE),2021-12-14,8934822607414.387,19235,v2,B.1.617.2 (Delta),0.9171965681477944,TRUE
Laupen (BE),2021-12-15,3285910211412.9478,18653,v2,B.1.617.2 (Delta),0.9086693501839326,TRUE
Laupen (BE),2021-12-16,3485985908091.3,18653,v2,B.1.617.2 (Delta),0.8959388723265608,FALSE
Laupen (BE),2021-12-17,6496984981370.675,18664,v2,B.1.617.2 (Delta),0.8731115759706112,FALSE
Laupen (BE),2021-12-18,6811923761323.181,17642,v2,B.1.617.2 (Delta),0.8418234844842845,FALSE
Laupen (BE),2021-12-19,6040187083410.075,18079,v2,B.1.617.2 (Delta),0.8105417287600225,FALSE
Laupen (BE),2021-12-20,1105996602057.7422,17599,v2,B.1.617.2 (Delta),0.7875775439290711,FALSE
Laupen (BE),2021-12-21,1149558712792.494,17712,v2,B.1.617.2 (Delta),0.7702649542782737,FALSE
Laupen (BE),2021-12-22,2816361562555.478,17553,v2,B.1.617.2 (Delta),0.7516275938081148,FALSE
Laupen (BE),2021-12-23,2775670633911.2197,19854.6,v2,NA,NA,FALSE
Laupen (BE),2021-12-24,2734979705266.9614,22156.2,v2,NA,NA,FALSE
Laupen (BE),2021-12-25,2694288776622.7026,24457.8,v2,NA,NA,FALSE
Laupen (BE),2021-12-26,2653597847978.4443,26759.4,v2,NA,NA,FALSE
Laupen (BE),2021-12-27,2612906919334.186,29061,v2,BA.1 / BA.2 (Omicron),0.5988207991004231,FALSE
Laupen (BE),2021-12-28,3995686397628.7207,34318,v2,BA.1 / BA.2 (Omicron),0.6227316688840857,FALSE
Laupen (BE),2021-12-29,3115316372963.012,46481,v2,BA.1 / BA.2 (Omicron),0.6355468104936742,FALSE
Laupen (BE),2021-12-30,8005162823743.64,25065,v2,BA.1 / BA.2 (Omicron),0.6469070232781405,FALSE
Laupen (BE),2021-12-31,8680158929035.299,21600,v2,BA.1 / BA.2 (Omicron),0.6613351420629384,FALSE
Laupen (BE),2022-01-01,10884528882375.885,18808,v2,BA.1 / BA.2 (Omicron),0.6798980418832312,FALSE
Laupen (BE),2022-01-02,10818112493657.668,18877,v2,BA.1 / BA.2 (Omicron),0.7012001859267503,FALSE
Laupen (BE),2022-01-03,8567049304673.353,19621,v2,BA.1 / BA.2 (Omicron),0.7232973119238819,FALSE
Laupen (BE),2022-01-04,10888413662248.451,34401,v2,BA.1 / BA.2 (Omicron),0.7443399222848012,FALSE
Laupen (BE),2022-01-05,4245096782964.735,38470,v2,BA.1 / BA.2 (Omicron),0.7556480613130357,FALSE
Laupen (BE),2022-01-06,5462625841987.839,22380,v2,BA.1 / BA.2 (Omicron),0.7649751240982758,FALSE
Laupen (BE),2022-01-07,5510151506495.074,21112,v2,BA.1 / BA.2 (Omicron),0.7736077121501245,FALSE
Laupen (BE),2022-01-08,10342622732801.758,28223,v2,BA.1 / BA.2 (Omicron),0.7830958630421649,FALSE
Laupen (BE),2022-01-09,11799456124748.615,29690,v2,BA.1 / BA.2 (Omicron),0.7956510861397466,FALSE
Laupen (BE),2022-01-10,11865362135211.135,22898,v2,BA.1 / BA.2 (Omicron),0.8118583793651882,FALSE
Laupen (BE),2022-01-11,19300360943469.586,20681,v2,BA.1 / BA.2 (Omicron),0.8300159541676241,FALSE
Laupen (BE),2022-01-12,6807865048604.431,19932,v2,BA.1 / BA.2 (Omicron),0.8475514159046937,FALSE
Laupen (BE),2022-01-13,6922098932172.733,19532,v2,BA.1 / BA.2 (Omicron),0.8624885952103255,FALSE
Laupen (BE),2022-01-14,9317937424742.6875,19609,v2,BA.1 / BA.2 (Omicron),0.8740804413626102,FALSE
Laupen (BE),2022-01-15,19693782130188.406,18983,v2,BA.1 / BA.2 (Omicron),0.883112890568379,FALSE
Laupen (BE),2022-01-16,18873219441613.234,18753,v2,BA.1 / BA.2 (Omicron),0.8916181146885945,FALSE
Laupen (BE),2022-01-17,16370356618733.379,18992,v2,BA.1 / BA.2 (Omicron),0.9019522819387729,TRUE
Laupen (BE),2022-01-18,14720794570294.312,18420,v2,BA.1 / BA.2 (Omicron),0.9149245309706309,TRUE
Laupen (BE),2022-01-19,9330778997502.625,18791,v2,BA.1 / BA.2 (Omicron),0.9286584889387194,TRUE
Laupen (BE),2022-01-20,9031392212158.79,18659,v2,BA.1 / BA.2 (Omicron),0.9408154337329325,TRUE
Laupen (BE),2022-01-21,11736497494764.945,18562,v2,BA.1 / BA.2 (Omicron),0.9509347892260389,TRUE
Laupen (BE),2022-01-22,13839469407900.006,17784,v2,BA.1 / BA.2 (Omicron),0.9596507467736535,TRUE
Laupen (BE),2022-01-23,9949691419859.033,17478,v2,BA.1 / BA.2 (Omicron),0.9673542307512396,TRUE
Laupen (BE),2022-01-24,12933507724499.424,18078,v2,BA.1 / BA.2 (Omicron),0.9737792327384345,TRUE
Laupen (BE),2022-01-25,16241340562375.906,18048,v2,BA.1 / BA.2 (Omicron),0.9783586555810124,TRUE
Laupen (BE),2022-01-26,12709737755656.58,17970,v2,BA.1 / BA.2 (Omicron),0.9807964329088529,TRUE
Laupen (BE),2022-01-27,19607390192274.047,17745,v2,BA.1 / BA.2 (Omicron),0.9811455724118021,TRUE
Laupen (BE),2022-01-28,18158865795180.39,17764,v2,BA.1 / BA.2 (Omicron),0.9795540991374188,TRUE
Laupen (BE),2022-01-29,18231704757845.023,17456,v2,BA.1 / BA.2 (Omicron),0.9763292540507839,TRUE
Laupen (BE),2022-01-30,24356947642320.027,17433,v2,BA.1 / BA.2 (Omicron),0.9718361201790315,TRUE
Laupen (BE),2022-01-31,10960473941660.994,20427,v2,NA,NA,FALSE
Laupen (BE),2022-02-01,11624432727465.855,20220,v2,BA.1 / BA.2 (Omicron),0.9612846217979787,TRUE
Laupen (BE),2022-02-02,7101794592221.954,19863,v2,BA.1 / BA.2 (Omicron),0.9573205512652814,TRUE
Laupen (BE),2022-02-03,8061331143628.171,17907,v2,BA.1 / BA.2 (Omicron),0.9554515010741921,TRUE
Laupen (BE),2022-02-04,7111884671577.087,18296,v2,BA.1 / BA.2 (Omicron),0.9554223237379518,TRUE
Laupen (BE),2022-02-05,9091995889278.715,17763,v2,BA.1 / BA.2 (Omicron),0.9571523885496616,TRUE
Laupen (BE),2022-02-06,9851908699992.332,23034,v2,BA.1 / BA.2 (Omicron),0.9607040750950651,TRUE
Laupen (BE),2022-02-07,12722898663281.451,24068,v2,BA.1 / BA.2 (Omicron),0.9651303583901222,TRUE
Laupen (BE),2022-02-08,10730849398150.299,17788,v2,BA.1 / BA.2 (Omicron),0.9697630156775253,TRUE
Laupen (BE),2022-02-09,5301732158127.122,17401,v2,BA.1 / BA.2 (Omicron),0.9747723151721128,TRUE
Laupen (BE),2022-02-10,6085200236355.438,20578,v2,BA.1 / BA.2 (Omicron),0.9794787150108032,TRUE
Laupen (BE),2022-02-11,8838943000600.098,31257,v2,BA.1 / BA.2 (Omicron),0.9836988046047139,TRUE
Laupen (BE),2022-02-12,10685919271625.68,17680,v2,BA.1 / BA.2 (Omicron),0.9880473838065873,TRUE
Laupen (BE),2022-02-13,11454070430109.01,17553,v2,BA.1 / BA.2 (Omicron),0.9925229766144253,TRUE
Laupen (BE),2022-02-14,16374009180053.645,26114,v2,BA.1 / BA.2 (Omicron),0.9964024207301656,TRUE
Laupen (BE),2022-02-15,19779281549982.53,23284,v2,BA.1 / BA.2 (Omicron),0.9987280149124367,TRUE
Laupen (BE),2022-02-16,5665117400595.843,20923,v2,BA.1 / BA.2 (Omicron),0.9986517217719031,TRUE
Laupen (BE),2022-02-17,8077576356243.724,22043,v2,BA.1 / BA.2 (Omicron),0.9955540427380434,TRUE
Laupen (BE),2022-02-18,8455895817653.838,19075,v2,BA.1 / BA.2 (Omicron),0.9899287524012006,TRUE
Laupen (BE),2022-02-19,2783310159141.088,19454,v2,BA.1 / BA.2 (Omicron),0.9841659566263437,TRUE
Laupen (BE),2022-02-20,9823478343266.453,17790,v2,BA.1 / BA.2 (Omicron),0.9802365663643258,TRUE
Laupen (BE),2022-02-21,12017260421618.139,41645,v2,BA.1 / BA.2 (Omicron),0.9781909945579006,TRUE
Laupen (BE),2022-02-22,11774359521643.217,22084,v2,BA.1 / BA.2 (Omicron),0.977331422938696,TRUE
Lugano (TI),2021-11-10,1509250146208.5217,45979,v2,B.1.617.2 (Delta),0.9856087585371388,TRUE
Lugano (TI),2021-11-11,2622884111255.4355,45052,v2,B.1.617.2 (Delta),0.9861855199438092,TRUE
Lugano (TI),2021-11-12,2598581891853.1187,44795,v2,B.1.617.2 (Delta),0.9865689834725696,TRUE
Lugano (TI),2021-11-13,3372661000055.015,64982,v2,B.1.617.2 (Delta),0.9871027466301578,TRUE
Lugano (TI),2021-11-14,1028732045941.3282,88535,v2,B.1.617.2 (Delta),0.9877965985158949,TRUE
Lugano (TI),2021-11-15,1184067793395.9084,52929,v2,B.1.617.2 (Delta),0.98849338836,TRUE
Lugano (TI),2021-11-16,1699442912781.9644,50940,v2,B.1.617.2 (Delta),0.9890746027960762,TRUE
Lugano (TI),2021-11-17,1640241463429.589,48303,v2,B.1.617.2 (Delta),0.9894586127904722,TRUE
Lugano (TI),2021-11-18,2195714213430.711,49833,v2,B.1.617.2 (Delta),0.989512950565996,TRUE
Lugano (TI),2021-11-19,677621585939.5729,46675,v2,B.1.617.2 (Delta),0.989080102808982,TRUE
Lugano (TI),2021-11-20,2459948145526.7993,41617,v2,B.1.617.2 (Delta),0.9864398159761684,TRUE
Lugano (TI),2021-11-21,3595490056763.0796,54096,v2,B.1.617.2 (Delta),0.986022938965552,TRUE
Lugano (TI),2021-11-22,4046351200479.445,64674,v2,B.1.617.2 (Delta),0.985307792586289,TRUE
Lugano (TI),2021-11-23,1641882107496.9321,47557,v2,B.1.617.2 (Delta),0.9844079358461124,TRUE
Lugano (TI),2021-11-24,3707766720371.74,43997,v2,B.1.617.2 (Delta),0.9835266334245544,TRUE
Lugano (TI),2021-11-25,2683957160432.565,70905,v2,B.1.617.2 (Delta),0.9829508442645926,TRUE
Lugano (TI),2021-11-26,3567904691750.7036,46873,v2,B.1.617.2 (Delta),0.9829974793950712,TRUE
Lugano (TI),2021-11-27,7684428229510.396,110220,v2,B.1.617.2 (Delta),0.9839091498909376,TRUE
Lugano (TI),2021-11-28,2865797094111.9775,74871,v2,B.1.617.2 (Delta),0.9856045397980114,TRUE
Lugano (TI),2021-11-29,1795748519065.6028,56898,v2,B.1.617.2 (Delta),0.9875616544617718,TRUE
Lugano (TI),2021-11-30,3837225011995.328,53090,v2,B.1.617.2 (Delta),0.9891900946823912,TRUE
Lugano (TI),2021-12-01,6620971775032.35,54796,v2,B.1.617.2 (Delta),0.9901224746576638,TRUE
Lugano (TI),2021-12-02,4618994637188.125,49698,v2,B.1.617.2 (Delta),0.990282891130137,TRUE
Lugano (TI),2021-12-03,6812390159770.93,46189,v2,B.1.617.2 (Delta),0.989863013292068,TRUE
Lugano (TI),2021-12-04,4921485349624.45,43081,v2,B.1.617.2 (Delta),0.9891539296703342,TRUE
Lugano (TI),2021-12-05,6042263126279.316,42842,v2,B.1.617.2 (Delta),0.9884129511404588,TRUE
Lugano (TI),2021-12-06,3120374692937.0547,45222,v2,B.1.617.2 (Delta),0.9876292613952792,TRUE
Lugano (TI),2021-12-07,3900984306231.3003,42986,v2,B.1.617.2 (Delta),0.98650616514682965,TRUE
Lugano (TI),2021-12-08,4308312180349.114,59444,v2,B.1.617.2 (Delta),0.9847007887798328,TRUE
Lugano (TI),2021-12-09,5376994788736.611,52187,v2,B.1.617.2 (Delta),0.98057214943362,TRUE
Lugano (TI),2021-12-10,8017038337620.495,44846,v2,B.1.617.2 (Delta),0.9744998215042844,TRUE
Lugano (TI),2021-12-11,7995949872166.391,45657,v2,B.1.617.2 (Delta),0.9664511308420676,TRUE
Lugano (TI),2021-12-12,9066259927454.451,42842,v2,B.1.617.2 (Delta),0.955661342874591,TRUE
Lugano (TI),2021-12-13,6796623852063.269,45093,v2,B.1.617.2 (Delta),0.9414514659473724,TRUE
Lugano (TI),2021-12-14,7739772129976.569,43841,v2,B.1.617.2 (Delta),0.9240209538005164,TRUE
Lugano (TI),2021-12-15,3183519108632.314,43854,v2,B.1.617.2 (Delta),0.904281120952636,TRUE
Lugano (TI),2021-12-16,4004981314565.9575,42899,v2,B.1.617.2 (Delta),0.878739961574742,FALSE
Lugano (TI),2021-12-17,6173864061306.718,42340,v2,B.1.617.2 (Delta),0.8468749272759709,FALSE
Lugano (TI),2021-12-18,7121391686155.22,40163,v2,B.1.617.2 (Delta),0.8079093219398393,FALSE
Lugano (TI),2021-12-19,8752924678987.027,39249,v2,B.1.617.2 (Delta),0.7605598706863756,FALSE
Lugano (TI),2021-12-20,6221922362650.448,41743,v2,B.1.617.2 (Delta),0.7026924581185997,FALSE
Lugano (TI),2021-12-21,5961036224809.565,40604,v2,B.1.617.2 (Delta),0.6385450103509195,FALSE
Lugano (TI),2021-12-22,9440158835911.348,40372,v2,B.1.617.2 (Delta),0.5603290149201168,FALSE
Lugano (TI),2021-12-23,12600073868514.87,38493,v2,B.1.617.2 (Delta),0.47506063766525825,FALSE
Lugano (TI),2021-12-24,13390365906077.709,37164,v2,BA.1 / BA.2 (Omicron),0.5328096047625799,FALSE
Lugano (TI),2021-12-25,13988140343149.867,33232,v2,BA.1 / BA.2 (Omicron),0.5908481652522598,FALSE
Lugano (TI),2021-12-26,21255105793753.36,34218,v2,BA.1 / BA.2 (Omicron),0.6531373883080461,FALSE
Lugano (TI),2021-12-27,19475281377691.66,36483,v2,BA.1 / BA.2 (Omicron),0.7113343448652515,FALSE
Lugano (TI),2021-12-28,19798763260856.234,36297,v2,BA.1 / BA.2 (Omicron),0.7576748541896209,FALSE
Lugano (TI),2021-12-29,20421155715995.33,35338,v2,BA.1 / BA.2 (Omicron),0.7940619634961006,FALSE
Lugano (TI),2021-12-30,23101881105236.195,34770,v2,BA.1 / BA.2 (Omicron),0.8259753847110372,FALSE
Lugano (TI),2021-12-31,22700654780925.418,34758,v2,BA.1 / BA.2 (Omicron),0.8571828146695034,FALSE
Lugano (TI),2022-01-01,20051462002186.746,30772,v2,BA.1 / BA.2 (Omicron),0.8859059858262319,FALSE
Lugano (TI),2022-01-02,24504566409992.86,31984,v2,BA.1 / BA.2 (Omicron),0.9060693190729786,TRUE
Lugano (TI),2022-01-03,20721178525861.9,34215,v2,BA.1 / BA.2 (Omicron),0.9169979342404796,TRUE
Lugano (TI),2022-01-04,30447906072453.57,56367,v2,BA.1 / BA.2 (Omicron),0.9225991464545138,TRUE
Lugano (TI),2022-01-05,23222598509028.01,39247,v2,BA.1 / BA.2 (Omicron),0.9259073186064052,TRUE
Lugano (TI),2022-01-06,20468132074760.78,31579,v2,BA.1 / BA.2 (Omicron),0.9281933660375722,TRUE
Lugano (TI),2022-01-07,27137291244581.188,33018,v2,BA.1 / BA.2 (Omicron),0.9297380476353797,TRUE
Lugano (TI),2022-01-08,27094160720938.676,32853,v2,BA.1 / BA.2 (Omicron),0.9315502945513602,TRUE
Lugano (TI),2022-01-09,28983446422033.203,34700,v2,BA.1 / BA.2 (Omicron),0.9331878025338902,TRUE
Lugano (TI),2022-01-10,19740566389855.523,36476,v2,BA.1 / BA.2 (Omicron),0.9350072058033717,TRUE
Lugano (TI),2022-01-11,27194749288129.465,36261,v2,BA.1 / BA.2 (Omicron),0.9376641764137201,TRUE
Lugano (TI),2022-01-12,18003031146319.16,35455,v2,BA.1 / BA.2 (Omicron),0.9417618413257294,TRUE
Lugano (TI),2022-01-13,27768854378669.74,36612,v2,BA.1 / BA.2 (Omicron),0.9474196265117519,TRUE
Lugano (TI),2022-01-14,22245505427872.117,35852,v2,BA.1 / BA.2 (Omicron),0.954069334557461,TRUE
Lugano (TI),2022-01-15,21151148115116.05,33194,v2,BA.1 / BA.2 (Omicron),0.9607432430561992,TRUE
Lugano (TI),2022-01-16,16931386273419.256,33885,v2,BA.1 / BA.2 (Omicron),0.9665851781973317,TRUE
Lugano (TI),2022-01-17,13768093003026.656,36169,v2,BA.1 / BA.2 (Omicron),0.9711392716354685,TRUE
Lugano (TI),2022-01-18,16509701555323.46,35200,v2,BA.1 / BA.2 (Omicron),0.9744695089972081,TRUE
Lugano (TI),2022-01-19,15817013160044.318,34949,v2,BA.1 / BA.2 (Omicron),0.9769045372838341,TRUE
Lugano (TI),2022-01-20,15304128046126.986,35524,v2,BA.1 / BA.2 (Omicron),0.9784078260404822,TRUE
Lugano (TI),2022-01-21,15098861870514.541,34183,v2,BA.1 / BA.2 (Omicron),0.978321049487184,TRUE
Lugano (TI),2022-01-22,17615775120122.33,32327,v2,BA.1 / BA.2 (Omicron),0.9759497497654918,TRUE
Lugano (TI),2022-01-23,15246975770154.756,32770,v2,BA.1 / BA.2 (Omicron),0.9714207639062195,TRUE
Lugano (TI),2022-01-24,13526061972320.229,34956,v2,BA.1 / BA.2 (Omicron),0.9662864915239291,TRUE
Lugano (TI),2022-01-25,17762264401803.555,34774,v2,BA.1 / BA.2 (Omicron),0.9627772991820767,TRUE
Lugano (TI),2022-01-26,21958192216186.668,34767,v2,BA.1 / BA.2 (Omicron),0.9621063515740017,TRUE
Lugano (TI),2022-01-27,29609045091845.344,34953,v2,BA.1 / BA.2 (Omicron),0.9640812738435282,TRUE
Lugano (TI),2022-01-28,26060107674809.25,33310,v2,BA.1 / BA.2 (Omicron),0.9677022640510602,TRUE
Lugano (TI),2022-01-29,26556735897193.316,31958,v2,BA.1 / BA.2 (Omicron),0.9716562269248475,TRUE
Lugano (TI),2022-01-30,25400494469516.426,32581,v2,BA.1 / BA.2 (Omicron),0.9752725186691451,TRUE
Lugano (TI),2022-01-31,22105909199643.816,35424,v2,BA.1 / BA.2 (Omicron),0.9784177008594848,TRUE
Lugano (TI),2022-02-01,17429352829439.068,34926,v2,BA.1 / BA.2 (Omicron),0.9811291392579949,TRUE
Lugano (TI),2022-02-02,10951426322024.46,34721,v2,BA.1 / BA.2 (Omicron),0.9833748566811188,TRUE
Lugano (TI),2022-02-03,11507185008845.363,34044,v2,BA.1 / BA.2 (Omicron),0.9851655375671353,TRUE
Lugano (TI),2022-02-04,8819734183796.838,34508,v2,BA.1 / BA.2 (Omicron),0.9866185365539641,TRUE
Lugano (TI),2022-02-05,8645114621384.129,30966,v2,BA.1 / BA.2 (Omicron),0.9879569759336788,TRUE
Lugano (TI),2022-02-06,11161573549892.127,31926,v2,BA.1 / BA.2 (Omicron),0.9895274836092877,TRUE
Lugano (TI),2022-02-07,9183519590911.98,32455,v2,NA,NA,FALSE
Lugano (TI),2022-02-08,7205465631931.835,32984,v2,BA.1 / BA.2 (Omicron),0.99430857706406806,TRUE
Lugano (TI),2022-02-09,15880223018355.494,33452,v2,BA.1 / BA.2 (Omicron),0.9970737196124748,TRUE
Lugano (TI),2022-02-10,7834787568270.429,32376,v2,BA.1 / BA.2 (Omicron),0.9994853488203518,TRUE
Lugano (TI),2022-02-11,5669818699442.653,32480,v2,BA.1 / BA.2 (Omicron),0.999999874807966,TRUE
Lugano (TI),2022-02-12,8949704586316.676,30805,v2,BA.1 / BA.2 (Omicron),0.9999999560067089,TRUE
Lugano (TI),2022-02-13,6613336275204.942,32001,v2,BA.1 / BA.2 (Omicron),0.999794164867644,TRUE
Lugano (TI),2022-02-14,16135858049113.234,43983,v2,BA.1 / BA.2 (Omicron),0.9973817562166257,TRUE
Lugano (TI),2022-02-15,13919977662193.1,51591,v2,BA.1 / BA.2 (Omicron),0.9944629148470836,TRUE
Lugano (TI),2022-02-16,14496967007716.525,45482,v2,BA.1 / BA.2 (Omicron),0.9915967185393778,TRUE
Lugano (TI),2022-02-17,13208750195745.672,38207,v2,BA.1 / BA.2 (Omicron),0.988916055069406,TRUE
Lugano (TI),2022-02-18,11708677695666.242,35490,v2,BA.1 / BA.2 (Omicron),0.9859693585096101,TRUE
Lugano (TI),2022-02-19,12723508180275.963,32974,v2,BA.1 / BA.2 (Omicron),0.9823122924516193,TRUE
Lugano (TI),2022-02-20,14750933645764.885,33235,v2,BA.1 / BA.2 (Omicron),0.9789552079574062,TRUE
Lugano (TI),2022-02-21,12332381282525.889,35234,v2,BA.1 / BA.2 (Omicron),0.9775224725794684,TRUE
Lugano (TI),2022-02-22,13093992638142.2,35807,v2,BA.1 / BA.2 (Omicron),0.9782009312965834,TRUE
Zürich (ZH),2021-11-10,4357464028672.701,130289.3739,v2,B.1.617.2 (Delta),0.9904349086472168,TRUE
Zürich (ZH),2021-11-11,4737388424026.535,129437.24231666676,v2,B.1.617.2 (Delta),0.9908277055126612,TRUE
Zürich (ZH),2021-11-12,14950087651383.492,128758.8405333334,v2,B.1.617.2 (Delta),0.9912750731460443,TRUE
Zürich (ZH),2021-11-13,7038423632832.111,130438.95908333328,v2,B.1.617.2 (Delta),0.9915155936047244,TRUE
Zürich (ZH),2021-11-14,8846009224394.191,146172.51860000004,v2,B.1.617.2 (Delta),0.9913284803789928,TRUE
Zürich (ZH),2021-11-15,5657490368187.593,131089.74246666656,v2,B.1.617.2 (Delta),0.9906870999716172,TRUE
Zürich (ZH),2021-11-16,6786118238570.897,128545.98895,v2,B.1.617.2 (Delta),0.989724595094472,TRUE
Zürich (ZH),2021-11-17,7050678439319.767,130163.0994333334,v2,B.1.617.2 (Delta),0.9886100486770644,TRUE
Zürich (ZH),2021-11-18,8743884875658.514,131427.09270000012,v2,B.1.617.2 (Delta),0.987432471182302,TRUE
Zürich (ZH),2021-11-19,12392827926823.66,131053.7033833336,v2,B.1.617.2 (Delta),0.986121919528437,TRUE
Zürich (ZH),2021-11-20,7398830085257.018,125039.49593333328,v2,B.1.617.2 (Delta),0.9920567273726848,TRUE
Zürich (ZH),2021-11-21,11741741838166.855,124443.47355000024,v2,B.1.617.2 (Delta),0.9916307605755522,TRUE
Zürich (ZH),2021-11-22,12587361389613.293,139637.1989500002,v2,B.1.617.2 (Delta),0.9911485253840796,TRUE
Zürich (ZH),2021-11-23,12117984473934.025,136283.37891666678,v2,B.1.617.2 (Delta),0.9906794540577214,TRUE
Zürich (ZH),2021-11-24,6654234872790.045,135584.50108333334,v2,B.1.617.2 (Delta),0.9901778913500908,TRUE
Zürich (ZH),2021-11-25,16334622331442.047,134734.23828333308,v2,B.1.617.2 (Delta),0.9894075521010174,TRUE
Zürich (ZH),2021-11-26,14767787382186.398,151437.48068333336,v2,B.1.617.2 (Delta),0.9879907607487978,TRUE
Zürich (ZH),2021-11-27,16553405269591.533,137322.7768333335,v2,B.1.617.2 (Delta),0.985852212482139,TRUE
Zürich (ZH),2021-11-28,13884807974165.365,151406.74541666682,v2,B.1.617.2 (Delta),0.9833974795319762,TRUE
Zürich (ZH),2021-11-29,11176273359998.719,193145.99830000004,v2,B.1.617.2 (Delta),0.9814412311941074,TRUE
Zürich (ZH),2021-11-30,11627480074934.479,174718.81746666649,v2,B.1.617.2 (Delta),0.9804793996396453,TRUE
Zürich (ZH),2021-12-01,14794158497183.51,188852.36200000028,v2,B.1.617.2 (Delta),0.9802965708657392,TRUE
Zürich (ZH),2021-12-02,16110325001868.26,227058.44296666692,v2,B.1.617.2 (Delta),0.9800804481223572,TRUE
Zürich (ZH),2021-12-03,12334382360561.021,149502.67584999994,v2,B.1.617.2 (Delta),0.9786766821514092,TRUE
Zürich (ZH),2021-12-04,11526275212656.148,428308.7942833332,v2,B.1.617.2 (Delta),0.9766332609093747,TRUE
Zürich (ZH),2021-12-05,17370625030960.936,269586.77786666696,v2,B.1.617.2 (Delta),0.9738564063561768,TRUE
Zürich (ZH),2021-12-06,12820282399772.56,178658.25406666668,v2,B.1.617.2 (Delta),0.9702482023781184,TRUE
Zürich (ZH),2021-12-07,12267584837897.965,175609.9044666667,v2,B.1.617.2 (Delta),0.9654609461216987,TRUE
Zürich (ZH),2021-12-08,12675598935646.637,406776.54215,v2,B.1.617.2 (Delta),0.958741832330744,TRUE
Zürich (ZH),2021-12-09,14397807860335.225,355541.8622333336,v2,B.1.617.2 (Delta),0.9490224915588168,TRUE
Zürich (ZH),2021-12-10,18247726481074.684,297835.61719999945,v2,B.1.617.2 (Delta),0.9351963277262628,TRUE
Zürich (ZH),2021-12-11,13315985174840.393,287674.3666166665,v2,B.1.617.2 (Delta),0.9163983938315378,TRUE
Zürich (ZH),2021-12-12,14072438050161.86,183438.3224999996,v2,B.1.617.2 (Delta),0.8926860473680175,FALSE
Zürich (ZH),2021-12-13,14017365646568.143,177421.06755,v2,B.1.617.2 (Delta),0.8599280324962568,FALSE
Zürich (ZH),2021-12-14,17623134674900.05,167371.4057333331,v2,B.1.617.2 (Delta),0.826155388920773,FALSE
Zürich (ZH),2021-12-15,10249276027523.482,164866.85993333347,v2,B.1.617.2 (Delta),0.7954581868392778,FALSE
Zürich (ZH),2021-12-16,15354821797696.275,160084.1379666664,v2,B.1.617.2 (Delta),0.7665615935518191,FALSE
Zürich (ZH),2021-12-17,14551023679982.713,156147.73071666676,v2,B.1.617.2 (Delta),0.7354643287901169,FALSE
Zürich (ZH),2021-12-18,13693703443746.367,145974.48863333336,v2,B.1.617.2 (Delta),0.6976120249003124,FALSE
Zürich (ZH),2021-12-19,14637707193809.283,138931.39260000008,v2,B.1.617.2 (Delta),0.6513823411207066,FALSE
Zürich (ZH),2021-12-20,12607417029850.412,141463.5648166667,v2,B.1.617.2 (Delta),0.599531339609451,FALSE
Zürich (ZH),2021-12-21,14049308261369.873,134795.0469833333,v2,B.1.617.2 (Delta),0.550783798358789,FALSE
Zürich (ZH),2021-12-22,23816707747609.367,133590.6384666665,v2,B.1.617.2 (Delta),0.5127062350003072,FALSE
Zürich (ZH),2021-12-23,20246941086799.113,132034.13339999996,v2,BA.1 / BA.2 (Omicron),0.4870296879635336,FALSE
Zürich (ZH),2021-12-24,18039526834740.72,139662.72823333336,v2,BA.1 / BA.2 (Omicron),0.5199698882036813,FALSE
Zürich (ZH),2021-12-25,13071011146546.182,204424.7420166664,v2,BA.1 / BA.2 (Omicron),0.5534549675068875,FALSE
Zürich (ZH),2021-12-26,20727299799169.523,393428.415616666,v2,BA.1 / BA.2 (Omicron),0.589800659934002,FALSE
Zürich (ZH),2021-12-27,17333430790171.477,282048.6288333334,v2,BA.1 / BA.2 (Omicron),0.6270739487271593,FALSE
Zürich (ZH),2021-12-28,13516840501993.277,341163.0824833336,v2,BA.1 / BA.2 (Omicron),0.6639461606300675,FALSE
Zürich (ZH),2021-12-29,13440280241328.6,353199.88064999954,v2,BA.1 / BA.2 (Omicron),0.7016610470259491,FALSE
Zürich (ZH),2021-12-30,16084384238479.3,278662.23713333363,v2,BA.1 / BA.2 (Omicron),0.7405410190357102,FALSE
Zürich (ZH),2021-12-31,14993150346261.686,200621.4440333336,v2,BA.1 / BA.2 (Omicron),0.7776660035455087,FALSE
Zürich (ZH),2022-01-01,12669014637661.719,161345.5093,v2,BA.1 / BA.2 (Omicron),0.8094448300811731,FALSE
Zürich (ZH),2022-01-02,17495546922667.271,157966.52173333324,v2,BA.1 / BA.2 (Omicron),0.8359014457145061,FALSE
Zürich (ZH),2022-01-03,15382794083974.17,158972.4542500002,v2,BA.1 / BA.2 (Omicron),0.8579735839331744,FALSE
Zürich (ZH),2022-01-04,25540517001609.777,160849.29468333343,v2,BA.1 / BA.2 (Omicron),0.8756398925801274,FALSE
Zürich (ZH),2022-01-05,45348185895015.16,372301.2274833332,v2,BA.1 / BA.2 (Omicron),0.8860501792263108,FALSE
Zürich (ZH),2022-01-06,15831045767519.572,225453.5737500001,v2,BA.1 / BA.2 (Omicron),0.8939129403322814,FALSE
Zürich (ZH),2022-01-07,25793002596921.055,187429.6839166668,v2,BA.1 / BA.2 (Omicron),0.9018101849518615,TRUE
Zürich (ZH),2022-01-08,21488676596681.996,189765.04154999973,v2,BA.1 / BA.2 (Omicron),0.9099805028313094,TRUE
Zürich (ZH),2022-01-09,28930293484676.76,304467.5647333328,v2,BA.1 / BA.2 (Omicron),0.9187069934350147,TRUE
Zürich (ZH),2022-01-10,26314278258788.766,319690.3173666668,v2,BA.1 / BA.2 (Omicron),0.927405689527304,TRUE
Zürich (ZH),2022-01-11,19946508942220.367,216338.00683333303,v2,BA.1 / BA.2 (Omicron),0.9350891537087694,TRUE
Zürich (ZH),2022-01-12,26094897671180.71,187732.05845,v2,BA.1 / BA.2 (Omicron),0.941005459544037,TRUE
Zürich (ZH),2022-01-13,29128175001485.418,173419.0073999997,v2,BA.1 / BA.2 (Omicron),0.9449616073168061,TRUE
Zürich (ZH),2022-01-14,22694600593615.957,166115.99409999992,v2,BA.1 / BA.2 (Omicron),0.9474025994567987,TRUE
Zürich (ZH),2022-01-15,21728380315204.35,154345.6590333333,v2,BA.1 / BA.2 (Omicron),0.9491961744086366,TRUE
Zürich (ZH),2022-01-16,24078545411444.906,149581.9353000002,v2,BA.1 / BA.2 (Omicron),0.9512656141650964,TRUE
Zürich (ZH),2022-01-17,18905997139318.35,161384.69295000008,v2,BA.1 / BA.2 (Omicron),0.9542376032675165,TRUE
Zürich (ZH),2022-01-18,24840782711476.043,154702.37265,v2,BA.1 / BA.2 (Omicron),0.95818014166648,TRUE
Zürich (ZH),2022-01-19,18719595111294.016,153658,v2,BA.1 / BA.2 (Omicron),0.9626322961129629,TRUE
Zürich (ZH),2022-01-20,20871461719036.32,152649.01163333296,v2,BA.1 / BA.2 (Omicron),0.9670735455918898,TRUE
Zürich (ZH),2022-01-21,19931521932685.973,148070.9945166667,v2,BA.1 / BA.2 (Omicron),0.9712330470175774,TRUE
Zürich (ZH),2022-01-22,20020067839489.246,140242.92999999976,v2,BA.1 / BA.2 (Omicron),0.9749679768670243,TRUE
Zürich (ZH),2022-01-23,17425438167284.191,136786.67640000023,v2,BA.1 / BA.2 (Omicron),0.9781182577239079,TRUE
Zürich (ZH),2022-01-24,22647423594023.613,143775.72819999998,v2,BA.1 / BA.2 (Omicron),0.9804395399464321,TRUE
Zürich (ZH),2022-01-25,27269907297056.78,142054.1771166665,v2,BA.1 / BA.2 (Omicron),0.9817214805300172,TRUE
Zürich (ZH),2022-01-26,19822808486393.094,142252.06851666668,v2,BA.1 / BA.2 (Omicron),0.9818442690811412,TRUE
Zürich (ZH),2022-01-27,23293608787548.477,142450.80036666666,v2,BA.1 / BA.2 (Omicron),0.9807088453651244,TRUE
Zürich (ZH),2022-01-28,22229619322527.707,162396.3513500002,v2,BA.1 / BA.2 (Omicron),0.9784029939689101,TRUE
Zürich (ZH),2022-01-29,22634911508278.258,135605.6398,v2,BA.1 / BA.2 (Omicron),0.9754058311451628,TRUE
Zürich (ZH),2022-01-30,22268879395153.266,133841.0904833333,v2,BA.1 / BA.2 (Omicron),0.9725722333869793,TRUE
Zürich (ZH),2022-01-31,29265487763451.027,219780.77475,v2,BA.1 / BA.2 (Omicron),0.9707638145973643,TRUE
Zürich (ZH),2022-02-01,26836216602974.63,196753.99769999992,v2,BA.1 / BA.2 (Omicron),0.9704552665605413,TRUE
Zürich (ZH),2022-02-02,15725158579984.81,233525.65014999983,v2,BA.1 / BA.2 (Omicron),0.9716211689284571,TRUE
Zürich (ZH),2022-02-03,19991014966457.703,167751.91215,v2,BA.1 / BA.2 (Omicron),0.9737214988238668,TRUE
Zürich (ZH),2022-02-04,15696759420068.023,151090.2358166664,v2,BA.1 / BA.2 (Omicron),0.9759992159218926,TRUE
Zürich (ZH),2022-02-05,17537972156479.49,147239.14299999984,v2,BA.1 / BA.2 (Omicron),0.9779735499568304,TRUE
Zürich (ZH),2022-02-06,16512073685916.713,142026.24405000004,v2,BA.1 / BA.2 (Omicron),0.9792106223606278,TRUE
Zürich (ZH),2022-02-07,22781355782297.695,300447.1998166658,v2,BA.1 / BA.2 (Omicron),0.9796242755485026,TRUE
Zürich (ZH),2022-02-08,21742992622743.305,199032.5164166664,v2,BA.1 / BA.2 (Omicron),0.9799336236930007,TRUE
Zürich (ZH),2022-02-09,16844578384061.223,158643.46648333335,v2,BA.1 / BA.2 (Omicron),0.9811301905465293,TRUE
Zürich (ZH),2022-02-10,17335408037719.906,150992.81100000013,v2,BA.1 / BA.2 (Omicron),0.9834866048326512,TRUE
Zürich (ZH),2022-02-11,9773566119255.943,318151.6729499993,v2,BA.1 / BA.2 (Omicron),0.9866647781683825,TRUE
Zürich (ZH),2022-02-12,18214997398838.39,216386.67093333337,v2,BA.1 / BA.2 (Omicron),0.9899280702716033,TRUE
Zürich (ZH),2022-02-13,15345048479956.734,151227.93816666666,v2,BA.1 / BA.2 (Omicron),0.9919084183781965,TRUE
Zürich (ZH),2022-02-14,20910435733082.484,190580.0890833334,v2,BA.1 / BA.2 (Omicron),0.9912207972812109,TRUE
Zürich (ZH),2022-02-15,26475822986208.24,229932.24000000017,v2,BA.1 / BA.2 (Omicron),0.9884487500885525,TRUE
Zürich (ZH),2022-02-16,26104263309505.9,211002.914,v2,BA.1 / BA.2 (Omicron),0.9857339413585271,TRUE
Zürich (ZH),2022-02-17,24005554311638.855,203998.7863333335,v2,BA.1 / BA.2 (Omicron),0.984231407774416,TRUE
Zürich (ZH),2022-02-18,20339886304125.92,170458.9509166666,v2,BA.1 / BA.2 (Omicron),0.9838301053865608,TRUE
Zürich (ZH),2022-02-19,24538508405689.723,219245.89320000005,v2,BA.1 / BA.2 (Omicron),0.9840397009474952,TRUE
Zürich (ZH),2022-02-20,21070362859277.297,153042.51609999978,v2,BA.1 / BA.2 (Omicron),0.9844196526964444,TRUE
Zürich (ZH),2022-02-21,22727984058287.035,258115.39285000012,v2,BA.1 / BA.2 (Omicron),0.984793582646174,TRUE
Zürich (ZH),2022-02-22,20517520261542.926,248635.9267166673,v2,BA.1 / BA.2 (Omicron),0.9853094435588815,TRUE
