;new cases [1/d];new cases smoothed [1/d];flow [m^3/d];mean_7d_n1 [gc/d];mean_7d_n2 [gc/d]
2020-01-01;;;;;
2020-01-02;;;;;
2020-01-03;;;;;
2020-01-04;;;;;
2020-01-05;;;;;
2020-01-06;;;;;
2020-01-07;;;;;
2020-01-08;;;;;
2020-01-09;;;;;
2020-01-10;;;;;
2020-01-11;;;;;
2020-01-12;;;;;
2020-01-13;;;;;
2020-01-14;;;;;
2020-01-15;;;;;
2020-01-16;;;;;
2020-01-17;;;;;
2020-01-18;;;;;
2020-01-19;;;;;
2020-01-20;;;;;
2020-01-21;;;;;
2020-01-22;;;;;
2020-01-23;;;;;
2020-01-24;;;;;
2020-01-25;;;;;
2020-01-26;;;;;
2020-01-27;;;;;
2020-01-28;;;;;
2020-01-29;;;;;
2020-01-30;;;;;
2020-01-31;;;;;
2020-02-01;;;;;
2020-02-02;;;;;
2020-02-03;;;;;
2020-02-04;;;;;
2020-02-05;;;;;
2020-02-06;;;;;
2020-02-07;;;;;
2020-02-08;;;;;
2020-02-09;;;;;
2020-02-10;;;;;
2020-02-11;;;;;
2020-02-12;;;;;
2020-02-13;;;;;
2020-02-14;;;;;
2020-02-15;;;;;
2020-02-16;;;;;
2020-02-17;;;;;
2020-02-18;;;;;
2020-02-19;;;;;
2020-02-20;;;;;
2020-02-21;;;;;
2020-02-22;;;;;
2020-02-23;;;;;
2020-02-24;;;;;
2020-02-25;;;;;
2020-02-26;1.0;;;;
2020-02-27;2.0;;;;
2020-02-28;1.0;;276146.0;;
2020-02-29;3.0;;246593.0;;
2020-03-01;2.0;;385231.0;;
2020-03-02;3.0;;317209.0;;
2020-03-03;2.0;2.0;316083.0;;
2020-03-04;3.0;2.2857142857142856;238523.0;;
2020-03-05;1.0;2.142857142857143;318402.0;;
2020-03-06;1.0;2.142857142857143;311483.0;;
2020-03-07;3.0;2.142857142857143;255720.0;;
2020-03-08;5.0;2.5714285714285716;214152.0;;
2020-03-09;4.0;2.7142857142857144;276340.0;;
2020-03-10;13.0;4.285714285714286;297564.0;;
2020-03-11;12.0;5.571428571428571;277272.0;;
2020-03-12;12.0;7.142857142857143;220279.0;;
2020-03-13;21.0;10.0;197603.0;;
2020-03-14;10.0;11.0;183298.0;;
2020-03-15;20.0;13.142857142857142;175562.0;;
2020-03-16;46.0;19.142857142857142;176388.0;;
2020-03-17;42.0;23.285714285714285;170379.0;;
2020-03-18;55.0;29.428571428571427;165302.0;;
2020-03-19;51.0;35.0;161725.0;;
2020-03-20;47.0;38.714285714285715;159309.0;;
2020-03-21;23.0;40.57142857142857;154685.0;;
2020-03-22;29.0;41.857142857142854;150097.0;;
2020-03-23;56.0;43.285714285714285;154370.0;;
2020-03-24;38.0;42.714285714285715;153473.0;;
2020-03-25;43.0;41.0;150912.0;;
2020-03-26;36.0;38.857142857142854;150628.0;;
2020-03-27;46.0;38.714285714285715;149478.0;;
2020-03-28;14.0;37.42857142857143;143550.0;;
2020-03-29;12.0;35.0;165253.0;;
2020-03-30;51.0;34.285714285714285;163528.0;;
2020-03-31;46.0;35.42857142857143;146641.0;;
2020-04-01;41.0;35.142857142857146;146123.0;;
2020-04-02;31.0;34.42857142857143;144664.0;;
2020-04-03;71.0;38.0;144848.0;;
2020-04-04;15.0;38.142857142857146;139969.0;;
2020-04-05;13.0;38.285714285714285;136988.0;;
2020-04-06;38.0;36.42857142857143;144387.0;;
2020-04-07;33.0;34.57142857142857;141032.0;;
2020-04-08;20.0;31.571428571428573;139257.0;;
2020-04-09;11.0;28.714285714285715;138182.0;;
2020-04-10;5.0;19.285714285714285;132859.0;;
2020-04-11;9.0;18.428571428571427;133244.0;;
2020-04-12;14.0;18.571428571428573;129752.0;;
2020-04-13;6.0;14.0;133008.0;;
2020-04-14;15.0;11.428571428571429;137727.0;;
2020-04-15;10.0;10.0;136748.0;;
2020-04-16;8.0;9.571428571428571;135949.0;;
2020-04-17;8.0;10.0;134912.0;;
2020-04-18;3.0;9.142857142857142;132769.0;;
2020-04-19;2.0;7.428571428571429;127546.0;;
2020-04-20;9.0;7.857142857142857;132550.0;;
2020-04-21;11.0;7.285714285714286;130705.0;;
2020-04-22;8.0;7.0;131728.0;;
2020-04-23;20.0;8.714285714285714;132767.0;;
2020-04-24;10.0;9.0;134001.0;;
2020-04-25;14.0;10.571428571428571;129896.0;;
2020-04-26;4.0;10.857142857142858;128706.0;;
2020-04-27;7.0;10.571428571428571;137992.0;;
2020-04-28;8.0;10.142857142857142;223299.0;;
2020-04-29;4.0;9.571428571428571;303489.0;;
2020-04-30;4.0;7.285714285714286;250432.0;;
2020-05-01;0.0;5.857142857142857;248163.0;;
2020-05-02;1.0;4.0;356392.0;;
2020-05-03;0.0;3.4285714285714284;221804.0;;
2020-05-04;7.0;3.4285714285714284;169904.0;;
2020-05-05;7.0;3.2857142857142856;231775.0;;
2020-05-06;7.0;3.7142857142857144;276814.0;;
2020-05-07;4.0;3.7142857142857144;177337.0;;
2020-05-08;2.0;4.0;149214.0;;
2020-05-09;0.0;3.857142857142857;140291.0;;
2020-05-10;2.0;4.142857142857143;154968.0;;
2020-05-11;4.0;3.7142857142857144;207055.0;;
2020-05-12;2.0;3.0;230308.0;;
2020-05-13;0.0;2.0;161662.0;;
2020-05-14;0.0;1.4285714285714286;240015.0;;
2020-05-15;2.0;1.4285714285714286;148083.0;;
2020-05-16;1.0;1.5714285714285714;139776.0;;
2020-05-17;2.0;1.5714285714285714;133019.0;;
2020-05-18;1.0;1.1428571428571428;140560.0;;
2020-05-19;0.0;0.8571428571428571;139625.0;;
2020-05-20;1.0;1.0;136013.0;;
2020-05-21;0.0;1.0;124020.0;;
2020-05-22;1.0;0.8571428571428571;127409.0;;
2020-05-23;0.0;0.7142857142857143;218332.0;;
2020-05-24;0.0;0.42857142857142855;178831.0;;
2020-05-25;1.0;0.42857142857142855;146825.0;;
2020-05-26;2.0;0.7142857142857143;134879.0;;
2020-05-27;1.0;0.7142857142857143;134404.0;;
2020-05-28;3.0;1.1428571428571428;135168.0;;
2020-05-29;4.0;1.5714285714285714;133568.0;;
2020-05-30;0.0;1.5714285714285714;123965.0;;
2020-05-31;0.0;1.5714285714285714;118589.0;;
2020-06-01;6.0;2.2857142857142856;120175.0;;
2020-06-02;1.0;2.142857142857143;132230.0;;
2020-06-03;1.0;2.142857142857143;141912.0;;
2020-06-04;1.0;1.8571428571428572;290309.0;;
2020-06-05;0.0;1.2857142857142858;280551.0;;
2020-06-06;0.0;1.2857142857142858;192881.0;;
2020-06-07;0.0;1.2857142857142858;282534.0;;
2020-06-08;0.0;0.42857142857142855;164808.0;;
2020-06-09;1.0;0.42857142857142855;234833.0;;
2020-06-10;1.0;0.42857142857142855;230867.0;;
2020-06-11;1.0;0.42857142857142855;275707.0;;
2020-06-12;1.0;0.5714285714285714;181011.0;;
2020-06-13;2.0;0.8571428571428571;189718.0;;
2020-06-14;4.0;1.4285714285714286;241786.0;;
2020-06-15;1.0;1.5714285714285714;152597.0;;
2020-06-16;3.0;1.8571428571428572;148909.0;;
2020-06-17;0.0;1.7142857142857142;267731.0;;
2020-06-18;1.0;1.7142857142857142;263503.0;;
2020-06-19;2.0;1.8571428571428572;213861.0;;
2020-06-20;0.0;1.5714285714285714;156055.0;;
2020-06-21;1.0;1.1428571428571428;143798.0;;
2020-06-22;2.0;1.2857142857142858;152145.0;;
2020-06-23;1.0;1.0;149284.0;;
2020-06-24;6.0;1.8571428571428572;146450.0;;
2020-06-25;9.0;3.0;143875.0;;
2020-06-26;10.0;4.142857142857143;152631.0;;
2020-06-27;2.0;4.428571428571429;148110.0;;
2020-06-28;0.0;4.285714285714286;154953.0;;
2020-06-29;19.0;6.714285714285714;416713.0;;
2020-06-30;9.0;7.857142857142857;218145.0;;
2020-07-01;9.0;8.285714285714286;181340.0;;
2020-07-02;4.0;7.571428571428571;239789.0;;
2020-07-03;3.0;6.571428571428571;161524.0;;
2020-07-04;0.0;6.285714285714286;148625.0;;
2020-07-05;2.0;6.571428571428571;143169.0;;
2020-07-06;10.0;5.285714285714286;150710.0;;
2020-07-07;7.0;5.0;145091.0;;
2020-07-08;2.0;4.0;142811.0;;
2020-07-09;4.0;4.0;142415.0;;
2020-07-10;9.0;4.857142857142857;156296.0;;
2020-07-11;9.0;6.142857142857143;357741.0;777218483200.0;819715119200.0
2020-07-12;2.0;6.142857142857143;169411.0;512059921066.6666;697895279733.3334
2020-07-13;10.0;6.142857142857143;143507.0;512059921066.6666;697895279733.3334
2020-07-14;10.0;6.571428571428571;138666.0;519481298000.0;757575696000.0
2020-07-15;5.0;7.0;183644.0;519481298000.0;757575696000.0
2020-07-16;11.0;8.0;191791.0;471645063200.0;661947268800.0
2020-07-17;11.0;8.285714285714286;304674.0;471645063200.0;661947268800.0
2020-07-18;1.0;7.142857142857143;134426.0;471645063200.0;661947268800.0
2020-07-19;0.0;6.857142857142857;125026.0;1517311223200.0;1430754868800.0
2020-07-20;5.0;6.142857142857143;134145.0;1517311223200.0;1430754868800.0
2020-07-21;6.0;5.571428571428571;136099.0;1517311223200.0;1430754868800.0
2020-07-22;8.0;6.0;136780.0;1517311223200.0;1430754868800.0
2020-07-23;6.0;5.285714285714286;136600.0;1602356960000.0;1363049920000.0
2020-07-24;10.0;5.142857142857143;144065.0;1602356960000.0;1363049920000.0
2020-07-25;2.0;5.285714285714286;126088.0;1602356960000.0;1363049920000.0
2020-07-26;5.0;6.0;141455.0;1365894400000.0;1177399600000.0
2020-07-27;8.0;6.428571428571429;135417.0;1365894400000.0;1177399600000.0
2020-07-28;10.0;7.0;146398.0;1365894400000.0;1177399600000.0
2020-07-29;4.0;6.428571428571429;125095.0;1365894400000.0;1177399600000.0
2020-07-30;11.0;7.142857142857143;126515.0;1267436800000.0;1109007200000.0
2020-07-31;8.0;6.857142857142857;127807.0;1267436800000.0;1109007200000.0
2020-08-01;6.0;7.428571428571429;115735.0;1267436800000.0;1109007200000.0
2020-08-02;2.0;7.0;204251.0;3496777120000.0;3496777120000.0
2020-08-03;13.0;7.714285714285714;311218.0;3496777120000.0;3496777120000.0
2020-08-04;8.0;7.428571428571429;397437.0;3496777120000.0;3496777120000.0
2020-08-05;12.0;8.571428571428571;210892.0;3496777120000.0;3496777120000.0
2020-08-06;11.0;8.571428571428571;156751.0;2300152080000.0;2149671120000.0
2020-08-07;14.0;9.428571428571429;144271.0;2300152080000.0;2149671120000.0
2020-08-08;7.0;9.571428571428571;134083.0;2300152080000.0;2149671120000.0
2020-08-09;8.0;10.428571428571429;129279.0;1089564160000.0;990794800000.0
2020-08-10;22.0;11.714285714285714;138534.0;1089564160000.0;990794800000.0
2020-08-11;22.0;13.714285714285714;160961.0;1089564160000.0;990794800000.0
2020-08-12;17.0;14.428571428571429;137160.0;1089564160000.0;990794800000.0
2020-08-13;24.0;16.285714285714285;134359.0;1542322267600.0;873708396800.0
2020-08-14;33.0;19.0;134639.0;1542322267600.0;873708396800.0
2020-08-15;12.0;19.714285714285715;126002.0;1542322267600.0;873708396800.0
2020-08-16;17.0;21.0;125620.0;1417007459600.0;440718676800.0
2020-08-17;37.0;23.142857142857142;326418.0;1417007459600.0;440718676800.0
2020-08-18;34.0;24.857142857142858;193733.0;1417007459600.0;440718676800.0
2020-08-19;26.0;26.142857142857142;141867.0;1417007459600.0;440718676800.0
2020-08-20;24.0;26.142857142857142;138142.0;1112755258400.0;537518156000.0
2020-08-21;21.0;24.428571428571427;136650.0;1112755258400.0;537518156000.0
2020-08-22;11.0;24.285714285714285;232178.0;1112755258400.0;537518156000.0
2020-08-23;10.0;23.285714285714285;142655.0;1243784976400.0;740714484000.0
2020-08-24;40.0;23.714285714285715;135093.0;1243784976400.0;740714484000.0
2020-08-25;44.0;25.142857142857142;130822.0;1243784976400.0;740714484000.0
2020-08-26;28.0;25.428571428571427;128977.0;1243784976400.0;740714484000.0
2020-08-27;41.0;27.857142857142858;128648.0;1249535774000.0;1144471648000.0
2020-08-28;29.0;29.0;190901.0;1249535774000.0;1144471648000.0
2020-08-29;10.0;28.857142857142858;260567.0;1249535774000.0;1144471648000.0
2020-08-30;10.0;28.857142857142858;394546.0;1160214408800.0;1348258249600.0
2020-08-31;62.0;32.0;298854.0;1160214408800.0;1348258249600.0
2020-09-01;36.0;30.857142857142858;207834.0;1160214408800.0;1348258249600.0
2020-09-02;31.0;31.285714285714285;167549.0;1160214408800.0;1348258249600.0
2020-09-03;53.0;33.0;158459.0;1808469859600.0;2038582559200.0
2020-09-04;29.0;33.0;150658.0;1808469859600.0;2038582559200.0
2020-09-05;18.0;34.142857142857146;137857.0;1808469859600.0;2038582559200.0
2020-09-06;10.0;34.142857142857146;151237.0;2193041608000.0;2449886059200.0
2020-09-07;30.0;29.571428571428573;150258.0;2193041608000.0;2449886059200.0
2020-09-08;31.0;28.857142857142858;139341.0;2193041608000.0;2449886059200.0
2020-09-09;44.0;30.714285714285715;138499.0;2193041608000.0;2449886059200.0
2020-09-10;32.0;27.714285714285715;137842.0;1508629020000.0;1390183588400.0
2020-09-11;36.0;28.714285714285715;137525.0;1508629020000.0;1390183588400.0
2020-09-12;21.0;29.142857142857142;126659.0;1508629020000.0;1390183588400.0
2020-09-13;4.0;28.285714285714285;121179.0;1678004319200.0;1557871443200.0
2020-09-14;27.0;27.857142857142858;130078.0;1678004319200.0;1557871443200.0
2020-09-15;21.0;26.428571428571427;132589.0;1678004319200.0;1557871443200.0
2020-09-16;21.0;23.142857142857142;130819.0;1678004319200.0;1557871443200.0
2020-09-17;32.0;23.142857142857142;130175.0;2491396529600.0;2560047760000.0
2020-09-18;24.0;21.428571428571427;129664.0;2491396529600.0;2560047760000.0
2020-09-19;12.0;20.142857142857142;121667.0;2491396529600.0;2560047760000.0
2020-09-20;11.0;21.142857142857142;124240.0;1984880040000.0;2187471920000.0
2020-09-21;28.0;21.285714285714285;132285.0;1984880040000.0;2187471920000.0
2020-09-22;23.0;21.571428571428573;131003.0;1984880040000.0;2187471920000.0
2020-09-23;30.0;22.857142857142858;179126.0;1984880040000.0;2187471920000.0
2020-09-24;29.0;22.428571428571427;190402.0;1531174741600.0;1533666364000.0
2020-09-25;35.0;24.0;265024.0;1531174741600.0;1533666364000.0
2020-09-26;12.0;24.0;211260.0;1531174741600.0;1533666364000.0
2020-09-27;10.0;23.857142857142858;153739.0;2201807940400.0;2323922483600.0
2020-09-28;36.0;25.0;137281.0;2201807940400.0;2323922483600.0
2020-09-29;53.0;29.285714285714285;196837.0;2201807940400.0;2323922483600.0
2020-09-30;60.0;33.57142857142857;135539.0;2201807940400.0;2323922483600.0
2020-10-01;79.0;40.714285714285715;134097.0;4133084335600.0;4519271333600.0
2020-10-02;96.0;49.42857142857143;132582.0;4133084335600.0;4519271333600.0
2020-10-03;50.0;54.857142857142854;269379.0;4133084335600.0;4519271333600.0
2020-10-04;19.0;56.142857142857146;191744.0;6902080474400.0;7163905940400.0
2020-10-05;78.0;62.142857142857146;178771.0;6902080474400.0;7163905940400.0
2020-10-06;86.0;66.85714285714286;156324.0;6902080474400.0;7163905940400.0
2020-10-07;96.0;72.0;194917.0;6902080474400.0;7163905940400.0
2020-10-08;118.0;77.57142857142857;145808.0;6720654457600.0;6467764966400.0
2020-10-09;154.0;85.85714285714286;131396.0;6720654457600.0;6467764966400.0
2020-10-10;61.0;87.42857142857143;220637.0;6720654457600.0;6467764966400.0
2020-10-11;56.0;92.71428571428571;193444.0;5514458560000.0;4910813440000.0
2020-10-12;167.0;105.42857142857143;145852.0;5514458560000.0;4910813440000.0
2020-10-13;171.0;117.57142857142857;137470.0;5514458560000.0;4910813440000.0
2020-10-14;177.0;129.14285714285714;133326.0;5514458560000.0;4910813440000.0
2020-10-15;222.0;144.0;131701.0;12537935200000.0;12906698000000.0
2020-10-16;214.0;152.57142857142858;191874.0;12537935200000.0;12906698000000.0
2020-10-17;112.0;159.85714285714286;162534.0;12537935200000.0;12906698000000.0
2020-10-18;92.0;165.0;126678.0;15742595000000.0;15452632200000.0
2020-10-19;223.0;173.0;134553.0;15742595000000.0;15452632200000.0
2020-10-20;333.0;196.14285714285714;134055.0;15742595000000.0;15452632200000.0
2020-10-21;323.0;217.0;134665.0;15742595000000.0;15452632200000.0
2020-10-22;282.0;225.57142857142858;133631.0;27097681000000.0;26438955400000.0
2020-10-23;540.0;272.14285714285717;331454.0;27097681000000.0;26438955400000.0
2020-10-24;171.0;280.57142857142856;240721.0;27097681000000.0;26438955400000.0
2020-10-25;181.0;293.2857142857143;163464.0;30728449400000.0;30041900600000.0
2020-10-26;415.0;320.7142857142857;311388.0;30728449400000.0;30041900600000.0
2020-10-27;440.0;336.0;231917.0;30728449400000.0;30041900600000.0
2020-10-28;493.0;360.2857142857143;207136.0;30728449400000.0;30041900600000.0
2020-10-29;410.0;378.57142857142856;296469.0;34710826800000.0;33134871000000.0
2020-10-30;333.0;349.0;209255.0;34710826800000.0;33134871000000.0
2020-10-31;148.0;345.7142857142857;147361.0;39330613066666.664;37592291200000.0
2020-11-01;133.0;338.85714285714283;148710.0;42721288266666.664;42253613600000.0
2020-11-02;335.0;327.42857142857144;143534.0;39303786600000.0;37732991600000.0
2020-11-03;439.0;327.2857142857143;187455.0;39303786600000.0;37732991600000.0
2020-11-04;430.0;318.2857142857143;200906.0;35782598880000.0;34108078400000.0
2020-11-05;314.0;304.57142857142856;140717.0;33933381760000.0;31972954560000.0
2020-11-06;187.0;283.7142857142857;139112.0;34287456533333.336;31939658933333.336
2020-11-07;184.0;288.85714285714283;129520.0;31640900266666.664;29533329000000.0
2020-11-08;125.0;287.7142857142857;126813.0;29467441466666.664;26243243400000.0
2020-11-09;374.0;293.2857142857143;135516.24;29468008176000.0;26695792802666.664
2020-11-10;264.0;268.2857142857143;136014.04;29338713922285.715;27016934932571.43
2020-11-11;290.0;248.28571428571428;135038.89;29503104234857.14;27271468443428.57
2020-11-12;217.0;234.42857142857142;131953.19;30344977826285.715;29212592900571.43
2020-11-13;239.0;241.85714285714286;129971.09;29392835730666.664;28785828250666.664
2020-11-14;92.0;228.71428571428572;123448.83;28733233276800.0;28129163500800.0
2020-11-15;104.0;225.71428571428572;121422.14;30375783539200.0;30555900724800.0
2020-11-16;308.0;216.28571428571428;212580.0;32217727168000.0;31402958721600.0
2020-11-17;245.0;213.57142857142858;131276.0;33867095568000.0;32440553179200.0
2020-11-18;248.0;207.57142857142858;128872.0;37555497290400.0;34822626104000.0
2020-11-19;182.0;202.57142857142858;164085.0;37246123142400.0;34666114264000.0
2020-11-20;179.0;194.0;139939.0;37246123142400.0;34666114264000.0
2020-11-21;117.0;197.57142857142858;125471.0;37246123142400.0;34666114264000.0
2020-11-22;94.0;196.14285714285714;122248.0;33700129200000.0;31256575600000.0
2020-11-23;267.0;190.28571428571428;129952.0;30850275120000.0;30355067120000.0
2020-11-24;241.0;189.71428571428572;128509.0;28135202480000.0;27651283840000.0
2020-11-25;238.0;188.28571428571428;128973.0;25386811280000.0;26862029840000.0
2020-11-26;206.0;191.71428571428572;127479.0;24609198080000.0;25788948320000.0
2020-11-27;225.0;198.28571428571428;126955.0;25865166066666.668;26662090600000.0
2020-11-28;130.0;200.14285714285714;120759.0;26441560685714.285;27635276914285.71
2020-11-29;130.0;205.28571428571428;118320.0;28237266285714.285;29104876457142.86
2020-11-30;309.0;211.28571428571428;128666.0;29489975885714.285;29449573600000.0
2020-12-01;203.0;205.85714285714286;211062.08;32116692310857.14;32535226800000.0
2020-12-02;262.0;209.28571428571428;163989.25;32941546996571.43;33177102000000.0
2020-12-03;236.0;213.57142857142858;140217.08;33151055947428.57;33111966244571.43
2020-12-04;237.0;215.28571428571428;134416.57;32775752057714.29;32373958540000.0
2020-12-05;124.0;214.42857142857142;191878.68;33767291794857.14;32613641308000.0
2020-12-06;148.0;217.0;296618.15;34499307406285.71;32605887262285.715
2020-12-07;340.0;221.42857142857142;328841.86;35772600413142.86;33889754321714.285
2020-12-08;214.0;223.0;175614.22;34854264343428.57;32505659685142.86
2020-12-09;256.0;222.14285714285714;231107.67;33804819558857.14;31447279149142.86
2020-12-10;286.0;229.28571428571428;168509.27;34000209842857.14;31378260082285.715
2020-12-11;239.0;229.57142857142858;153270.41;36019286128000.0;33674408097714.285
2020-12-12;119.0;228.85714285714286;187292.57;36032627305714.29;33768431698857.145
2020-12-13;143.0;228.14285714285714;251031.9;37243844654285.72;33859268241714.285
2020-12-14;290.0;221.0;163860.48;36334012031428.57;33007409794857.145
2020-12-15;319.0;236.0;154482.23;36956063630285.72;33516451992571.43
2020-12-16;296.0;241.71428571428572;149718.41;37762353070857.14;34248155332571.43
2020-12-17;259.0;237.85714285714286;145005.42;40075764320571.43;36503564414285.72
2020-12-18;236.0;237.42857142857142;141472.08;40549666862285.71;37149942542285.71
2020-12-19;166.0;244.14285714285714;131432.49;39892280824571.43;36540436573142.86
2020-12-20;154.0;245.71428571428572;126050.9;36521364710285.72;35198834150285.72
2020-12-21;336.0;252.28571428571428;179575.0;35117269069142.85;34191081309142.86
2020-12-22;303.0;250.0;238507.0;34537610600571.43;34800843519428.57
2020-12-23;258.0;244.57142857142858;168599.0;34047499830285.715;33615989401142.86
2020-12-24;162.0;230.71428571428572;387974.0;32922202717142.86;31684066684571.43
2020-12-25;153.0;218.85714285714286;244301.0;29660518180000.0;27978617102857.14
2020-12-26;138.0;214.85714285714286;155489.0;29039893531428.57;27408453274285.715
2020-12-27;156.0;215.14285714285714;145647.0;29260488971428.57;28144903942857.145
2020-12-28;266.0;205.14285714285714;169302.0;31344926628571.43;29362754800000.0
2020-12-29;259.0;198.85714285714286;147204.0;29824668571428.57;26953951085714.285
2020-12-30;271.0;200.71428571428572;139397.0;28290775942857.14;25804735428571.43
2020-12-31;141.0;197.71428571428572;147948.0;25195683828571.43;23929346285714.285
2021-01-01;143.0;196.28571428571428;140777.0;26059348114285.715;24706202685714.285
2021-01-02;158.0;199.14285714285714;128433.0;24871907485714.285;23639669885714.285
2021-01-03;146.0;197.71428571428572;131733.0;25933706400000.0;24060301600000.0
2021-01-04;299.0;202.42857142857142;138740.0;24067397600000.0;22545737600000.0
2021-01-05;215.0;196.14285714285714;136513.0;23676979142857.14;22902640000000.0
2021-01-06;150.0;178.85714285714286;147668.0;26362824514285.715;24620314028571.43
2021-01-07;165.0;182.28571428571428;141866.0;24505734971428.57;23562252400000.0
2021-01-08;132.0;180.71428571428572;136558.0;23174802628571.43;22662977142857.14
2021-01-09;88.0;170.71428571428572;130374.0;23254532514285.715;22289147828571.43
2021-01-10;104.0;164.71428571428572;128660.0;26152277314285.715;25104112228571.43
2021-01-11;169.0;146.14285714285714;137151.0;25089221714285.715;24094799028571.43
2021-01-12;116.0;132.0;183819.0;23831134514285.715;21516071257142.86
2021-01-13;105.0;125.57142857142857;313753.0;24012844933333.336;21400538600000.0
2021-01-14;94.0;115.42857142857143;420477.0;22554689493333.336;19722662933333.336
2021-01-15;117.0;113.28571428571429;328383.0;22892414912000.0;19734325120000.0
2021-01-16;61.0;109.42857142857143;247516.0;23557007440000.0;20300377400000.0
2021-01-17;81.0;106.14285714285714;272591.0;13816763070000.0;10573640850000.0
2021-01-18;143.0;102.42857142857143;279090.0;11893963160000.0;8813302600000.0
2021-01-19;86.0;98.14285714285714;256202.0;9456173560000.0;8092948040000.0
2021-01-20;105.0;98.14285714285714;233268.0;9456173560000.0;8092948040000.0
2021-01-21;116.0;101.28571428571429;267256.0;10046766660000.0;8859701460000.0
2021-01-22;87.0;97.0;375166.0;10046766660000.0;8859701460000.0
2021-01-23;50.0;95.42857142857143;384429.0;10046766660000.0;8859701460000.0
2021-01-24;44.0;90.14285714285714;322831.0;11345973060000.0;11102779200000.0
2021-01-25;124.0;87.42857142857143;275177.0;11345973060000.0;11102779200000.0
2021-01-26;94.0;88.57142857142857;212836.0;15068249280000.0;15034821540000.0
2021-01-27;105.0;88.57142857142857;209651.0;15068249280000.0;15034821540000.0
2021-01-28;79.0;83.28571428571429;362999.0;11689558040000.0;10324176580000.0
2021-01-29;80.0;82.28571428571429;411785.0;11689558040000.0;10324176580000.0
2021-01-30;31.0;79.57142857142857;399382.0;11689558040000.0;10324176580000.0
2021-01-31;45.0;79.71428571428571;389097.0;8012145020000.0;6799411760000.0
2021-02-01;103.0;76.71428571428571;417571.0;6773808356666.666;
2021-02-02;73.0;73.71428571428571;406184.0;6511590710000.0;
2021-02-03;67.0;68.28571428571429;418430.0;5965794008000.0;
2021-02-04;83.0;68.85714285714286;401654.0;5724137920000.0;
2021-02-05;52.0;64.85714285714286;342107.0;6063279393333.334;
2021-02-06;38.0;65.85714285714286;251773.0;6815637337142.857;
2021-02-07;37.0;64.71428571428571;243377.0;7034280594285.714;
2021-02-08;84.0;62.0;226280.0;7214447765714.285;
2021-02-09;50.0;58.714285714285715;238613.0;6784945377142.857;
2021-02-10;80.0;60.57142857142857;253389.0;6742663297142.857;
2021-02-11;43.0;54.857142857142854;204640.0;6488059171428.571;
2021-02-12;53.0;55.0;193217.0;5795877114285.715;
2021-02-13;26.0;53.285714285714285;182206.0;4626083748571.429;
2021-02-14;34.0;52.857142857142854;173474.0;4179632062857.143;
2021-02-15;59.0;49.285714285714285;182107.0;3912204891428.5713;
2021-02-16;61.0;50.857142857142854;234625.0;3760198937142.857;
2021-02-17;65.0;48.714285714285715;198254.0;3635958960000.0;
2021-02-18;55.0;50.42857142857143;174647.0;3674175234285.7144;
2021-02-19;54.0;50.57142857142857;166860.0;3610720325714.2856;
2021-02-20;31.0;51.285714285714285;156930.0;3805834348571.4287;
2021-02-21;21.0;49.42857142857143;151010.0;3456376931428.5713;
2021-02-22;54.0;48.714285714285715;156121.0;3383460611428.5713;
2021-02-23;53.0;47.57142857142857;154081.0;3342556000000.0;
2021-02-24;40.0;44.0;153646.0;3681623040000.0;
2021-02-25;46.0;42.714285714285715;149634.0;3519167508571.4287;
2021-02-26;45.0;41.42857142857143;148692.0;3712714685714.2856;
2021-02-27;19.0;39.714285714285715;143831.0;3684449994285.7144;
2021-02-28;25.0;40.285714285714285;143777.0;3696172765714.2856;
2021-03-01;45.0;39.0;150673.0;3844879366666.667;
2021-03-02;71.0;41.57142857142857;149057.0;3956902193333.333;
2021-03-03;54.0;43.57142857142857;147609.0;3889361758666.667;
2021-03-04;48.0;43.857142857142854;169169.0;4080996974666.667;
2021-03-05;53.0;45.0;157173.0;4170558266666.667;
2021-03-06;21.0;45.285714285714285;140991.0;4431652816000.0;
2021-03-07;43.0;47.857142857142854;141672.0;5426872125333.334;
2021-03-08;71.0;51.57142857142857;145612.0;5492886564761.904;
2021-03-09;61.0;50.142857142857146;144349.0;5955617211428.571;
2021-03-10;61.0;51.142857142857146;145992.0;6070418468619.1;
2021-03-11;63.0;53.285714285714285;178198.0;6496543557365.943;
2021-03-12;61.0;54.42857142857143;187527.0;6954569933570.007;
2021-03-13;48.0;58.285714285714285;183377.0;6866005755598.848;
2021-03-14;39.0;57.714285714285715;323460.0;5984687444329.645;
2021-03-15;102.0;62.142857142857146;366344.0;5886928942179.252;
2021-03-16;83.0;65.28571428571429;236325.0;6062104965451.965;
2021-03-17;94.0;70.0;317901.0;5950786355324.535;
2021-03-18;70.0;71.0;199555.0;5743703483045.597;
2021-03-19;80.0;73.71428571428571;180298.0;5775869848426.863;
2021-03-20;61.0;75.57142857142857;163133.0;6252229857410.127;
2021-03-21;53.0;77.57142857142857;156800.0;7226553218974.187;
2021-03-22;127.0;81.14285714285714;163910.0;7485145227365.107;
2021-03-23;90.0;82.14285714285714;158189.0;7722854701799.088;
2021-03-24;104.0;83.57142857142857;153691.0;8363372411878.848;
2021-03-25;114.0;89.85714285714286;151124.0;9656810394912.254;
2021-03-26;100.0;92.71428571428571;151708.0;10455020041918.75;
2021-03-27;47.0;90.71428571428571;282160.0;11940515923918.395;
2021-03-28;65.0;92.42857142857143;167815.0;12010485692637.695;
2021-03-29;132.0;93.14285714285714;155239.0;12826292595726.531;
2021-03-30;94.0;93.71428571428571;150115.0;13002708036977.668;
2021-03-31;110.0;94.57142857142857;146486.0;13287751990956.137;
2021-04-01;106.0;93.42857142857143;142953.0;13469971902902.615;
2021-04-02;80.0;90.57142857142857;133818.0;13498612449010.742;
2021-04-03;65.0;93.14285714285714;130542.0;12250392088001.973;
2021-04-04;57.0;92.0;125011.0;12330890419861.76;
2021-04-05;97.0;87.0;133548.0;13123948197261.55;
2021-04-06;147.0;94.57142857142857;149051.0;14007605256427.195;
2021-04-07;129.0;97.28571428571429;157868.0;18926715062698.22;
2021-04-08;138.0;101.85714285714286;143090.0;18640376873680.324;
2021-04-09;151.0;112.0;140975.0;19760113827551.797;
2021-04-10;100.0;117.0;134810.0;20736373852872.93;
2021-04-11;83.0;120.71428571428571;149625.0;22449938104963.844;
2021-04-12;150.0;128.28571428571428;320592.0;23665917214670.875;
2021-04-13;130.0;125.85714285714286;152002.0;23469827079892.88;
2021-04-14;119.0;124.42857142857143;144845.0;19169943907800.78;
2021-04-15;123.0;122.28571428571429;144637.0;18802038138835.71;
2021-04-16;117.0;117.42857142857143;143033.0;18365194966759.117;
2021-04-17;75.0;113.85714285714286;135348.0;17392102865682.93;
2021-04-18;54.0;109.71428571428571;131885.0;15894437004434.21;
2021-04-19;;;138897.0;13125023104991.488;
2021-04-20;;;138898.0;12267415020992.406;
2021-04-21;;;;;
2021-04-22;;;;;
2021-04-23;;;;;
2021-04-24;;;;;
2021-04-25;;;;;
2021-04-26;;;;;
2021-04-27;;;;;
2021-04-28;;;;;
2021-04-29;;;;;
2021-04-30;;;;;
2021-05-01;;;;;
2021-05-02;;;;;
2021-05-03;;;;;
2021-05-04;;;;;
2021-05-05;;;;;
2021-05-06;;;;;
2021-05-07;;;;;
2021-05-08;;;;;
2021-05-09;;;;;
2021-05-10;;;;;
2021-05-11;;;;;
2021-05-12;;;;;
2021-05-13;;;;;
2021-05-14;;;;;
2021-05-15;;;;;
2021-05-16;;;;;
2021-05-17;;;;;
2021-05-18;;;;;
2021-05-19;;;;;
2021-05-20;;;;;
2021-05-21;;;;;
2021-05-22;;;;;
2021-05-23;;;;;
2021-05-24;;;;;
2021-05-25;;;;;
2021-05-26;;;;;
2021-05-27;;;;;
2021-05-28;;;;;
2021-05-29;;;;;
2021-05-30;;;;;
2021-05-31;;;;;
2021-06-01;;;;;
2021-06-02;;;;;
2021-06-03;;;;;
2021-06-04;;;;;
2021-06-05;;;;;
2021-06-06;;;;;
2021-06-07;;;;;
2021-06-08;;;;;
2021-06-09;;;;;
2021-06-10;;;;;
2021-06-11;;;;;
2021-06-12;;;;;
2021-06-13;;;;;
2021-06-14;;;;;
2021-06-15;;;;;
2021-06-16;;;;;
2021-06-17;;;;;
2021-06-18;;;;;
2021-06-19;;;;;
2021-06-20;;;;;
2021-06-21;;;;;
2021-06-22;;;;;
2021-06-23;;;;;
2021-06-24;;;;;
2021-06-25;;;;;
2021-06-26;;;;;
2021-06-27;;;;;
2021-06-28;;;;;
2021-06-29;;;;;
2021-06-30;;;;;
2021-07-01;;;;;
2021-07-02;;;;;
2021-07-03;;;;;
2021-07-04;;;;;
2021-07-05;;;;;
2021-07-06;;;;;
2021-07-07;;;;;
2021-07-08;;;;;
2021-07-09;;;;;
2021-07-10;;;;;
2021-07-11;;;;;
2021-07-12;;;;;
2021-07-13;;;;;
2021-07-14;;;;;
2021-07-15;;;;;
2021-07-16;;;;;
2021-07-17;;;;;
2021-07-18;;;;;
2021-07-19;;;;;
2021-07-20;;;;;
2021-07-21;;;;;
2021-07-22;;;;;
2021-07-23;;;;;
2021-07-24;;;;;
2021-07-25;;;;;
2021-07-26;;;;;
2021-07-27;;;;;
2021-07-28;;;;;
2021-07-29;;;;;
2021-07-30;;;;;
2021-07-31;;;;;
2021-08-01;;;;;
2021-08-02;;;;;
2021-08-03;;;;;
2021-08-04;;;;;
2021-08-05;;;;;
2021-08-06;;;;;
2021-08-07;;;;;
2021-08-08;;;;;
2021-08-09;;;;;
2021-08-10;;;;;
2021-08-11;;;;;
2021-08-12;;;;;
2021-08-13;;;;;
2021-08-14;;;;;
2021-08-15;;;;;
2021-08-16;;;;;
2021-08-17;;;;;
2021-08-18;;;;;
2021-08-19;;;;;
2021-08-20;;;;;
2021-08-21;;;;;
2021-08-22;;;;;
2021-08-23;;;;;
2021-08-24;;;;;
2021-08-25;;;;;
2021-08-26;;;;;
2021-08-27;;;;;
2021-08-28;;;;;
2021-08-29;;;;;
2021-08-30;;;;;
2021-08-31;;;;;
2021-09-01;;;;;
2021-09-02;;;;;
2021-09-03;;;;;
2021-09-04;;;;;
2021-09-05;;;;;
2021-09-06;;;;;
2021-09-07;;;;;
2021-09-08;;;;;
2021-09-09;;;;;
2021-09-10;;;;;
2021-09-11;;;;;
2021-09-12;;;;;
2021-09-13;;;;;
2021-09-14;;;;;
2021-09-15;;;;;
2021-09-16;;;;;
2021-09-17;;;;;
2021-09-18;;;;;
2021-09-19;;;;;
2021-09-20;;;;;
2021-09-21;;;;;
2021-09-22;;;;;
2021-09-23;;;;;
2021-09-24;;;;;
2021-09-25;;;;;
2021-09-26;;;;;
2021-09-27;;;;;
2021-09-28;;;;;
2021-09-29;;;;;
2021-09-30;;;;;
2021-10-01;;;;;
2021-10-02;;;;;
2021-10-03;;;;;
2021-10-04;;;;;
2021-10-05;;;;;
2021-10-06;;;;;
2021-10-07;;;;;
2021-10-08;;;;;
2021-10-09;;;;;
2021-10-10;;;;;
2021-10-11;;;;;
2021-10-12;;;;;
2021-10-13;;;;;
2021-10-14;;;;;
2021-10-15;;;;;
2021-10-16;;;;;
2021-10-17;;;;;
2021-10-18;;;;;
